페이지,픅징,문형,문형 뜻,예문,예문 뜻,예문 요미가나
JLPT_N3_암기장::50p,[명사 뒤에 접속하는 문형],～だって,"~라도, ~조차도",そのくらいは小学生だって知っているはずだ。,그 정도는 초등학생이라도 알고 있을 것이다。,そのくらいは小学生[しょうがくせい]だって知[し]っているはずだ。
JLPT_N3_암기장::50p,[명사 뒤에 접속하는 문형],～でしかない,~에 불과하다,スマホはただの連絡手段でしかない。,스마트폰은 그저 연락수단에 불과하다。,スマホ[すまほ]はただの連絡手段[れんらくしゅだん]でしかない。
JLPT_N3_암기장::50p,[명사 뒤에 접속하는 문형],～でなくてもよければ,~이 아니어도 괜찮다면,今日でなくてもよければ買い物に付き合える。,오늘이 아니라도 좋다면 쇼핑에 같이 갈 수 있다。,今日[きょう]でなくてもよければ買[か]い物[もの]に付き合[つきあ]える。
JLPT_N3_암기장::50p,[명사 뒤에 접속하는 문형],～として,~로서,彼は歌手として有名になった。,그는 가수로서 유명해졌다。,彼[かれ]は歌手[かしゅ]として有名[ゆうめい]になった。
JLPT_N3_암기장::50p,[명사 뒤에 접속하는 문형],～としては,~의 입장에서는,私としてはあなたの意見に賛成することができません。,저의 입장으로서는 당신의 의견에 찬성하는 것이 불가능합니다。,私[わたし]としてはあなたの意見[いけん]に賛成[さんせい]することができません。
JLPT_N3_암기장::50p,[명사 뒤에 접속하는 문형],～において,"~에서, ~에 있어서",人生においてもっとも重要だと思うことは何ですか。,인생에 있어서 가장 중요하다고 생각하는 것은 무엇인가요?,人生[じんせい]においてもっとも重要[じゅうよう]だと思[おも]うことは何[なに]ですか。
JLPT_N3_암기장::50p,[명사 뒤에 접속하는 문형],～にかけて,~에 걸쳐,この仕事は夏休みにかけて特に忙しくなる。,이 일은 여름 방학에 걸쳐 특히 바빠진다。,この仕事[しごと]は夏休[なつやす]みにかけて特[とく]に忙[いそが]しくなる。
JLPT_N3_암기장::50p,[명사 뒤에 접속하는 문형],～に比べて,~에 비해,日本に比べてベトナムの方が物価が安い。,일본에 비하여 베트남 쪽이 물가가 싸다。,日本[にほん]に比[くら]べてベトナム[べとなむ]の方[ほう]が物価[ぶっか]が安[やす]い。
JLPT_N3_암기장::50p,[명사 뒤에 접속하는 문형],～に加えて,~에 더하여,彼女は仕事に加えて子育てもしている。,그녀는 일에 더하여 육아도 하고 있다。,彼女[かのじょ]は仕事[しごと]に加[くわ]えて子育[こそだ]てもしている。
JLPT_N3_암기장::50p,[명사 뒤에 접속하는 문형],～にしかできない,~만이 할 수 있다,この仕事はあなたにしかできない。,이 일은 당신만이 할 수 있다。,この仕事[しごと]はあなたにしかできない。
JLPT_N3_암기장::51p,[명사 뒤에 접속하는 문형],～にする,"~로 하다, 결정",私はハンバーグにします。,저는 햄버거로 할게요。,私はハンバーグ[はんばーぐ]にします。
JLPT_N3_암기장::51p,[명사 뒤에 접속하는 문형],～に対して,"~에 대하여, ~에 대해",この美術館は学生に対して割引サービスを行っています。,이 미술관은 학생에 대하여 할인 서비스를 시행하고 있습니다。,この美術館[びじゅつかん]は学生[がくせい]に対[たい]して割引[わりびき]サービスを行[おこな]っています。
JLPT_N3_암기장::51p,[명사 뒤에 접속하는 문형],～について,~에 대하여,農村について調べている。,농촌에 대해서 조사하고 있다。,農村[のうそん]について調[しら]べている。
JLPT_N3_암기장::51p,[명사 뒤에 접속하는 문형],～にとって,"~에게 있어서, ~에게는",私にとって人生でいちばん大切なのは家族の幸せだ。,나에게 있어서 인생에서 가장 소중한 것은 가족의 행복이다。,私[わたし]にとって人生[じんせい]でいちばん大切[たいせつ]なのは家族[かぞく]の幸[しあわ]せだ。
JLPT_N3_암기장::51p,[명사 뒤에 접속하는 문형],～に反して,"~와 달리, ~에 반하여",予想に反して、今年の試験は難しくなかったそうだ。,"예상과 달리, 올해 시험은 어렵지 않았다고 한다。",予想[よそう]に反[はん]して、今年[ことし]の試験[しけん]は難[むずか]しくなかったそうだ。
JLPT_N3_암기장::51p,[명사 뒤에 접속하는 문형],～によって,"~에 따라서, ~에 의해서",人によって考え方が違う。,사람에 따라서 사고방식이 다르다。,人[ひと]によって考[かんが]え方[かた]が違[ちが]う。
JLPT_N3_암기장::51p,[명사 뒤에 접속하는 문형],～によって,~에 의해서,調査結果によって知らなかったことがわかるようになった。,조사 결과에 의해서 몰랐던 것을 알게 되었다。,調査結果[ちょうさけっか]によって知[し]らなかったことがわかるようになった。
JLPT_N3_암기장::51p,[명사 뒤에 접속하는 문형],～による,"~에 의한, ~에 따른",台風による被害が大きいそうです。,태풍에 의한 피해가 크다고 합니다。,台風[たいふう]による被害[ひがい]が大[おお]きいそうです。
JLPT_N3_암기장::51p,[명사 뒤에 접속하는 문형],～によると,"~에 의하면, ~에 따르면",天気予報によると明日は晴れるそうです。,일기 예보에 의하면 내일은 맑을 것이라고 합니다。,天気予報[てんきよほう]によると明日[あした]は晴[は]れるそうです。
JLPT_N3_암기장::51p,[명사 뒤에 접속하는 문형],～にわたって,~에 걸쳐,中田先生の講義は2時間にわたって続いた。,나카타 선생님의 강의는 2시간에 걸쳐 계속되었다。,中田先生[なかたせんせい]の講義[こうぎ]は2時間[じかん]にわたって続[つづ]いた。
JLPT_N3_암기장::51p,[명사 뒤에 접속하는 문형],～のことで,~에 대해서,レポートのことで、相談したいことがあるんですが。,"리포트에 대해서, 상담하고 싶은 것이 있습니다만。",レポート[れぽーと]のことで、相談[そうだん]したいことがあるんですが。
JLPT_N3_암기장::52p,[명사 뒤에 접속하는 문형],～を中心に,~을 중심으로,先生を中心に写真を撮りましょう。,선생님을 중심으로 사진을 찍읍시다。,先生[せんせい]を中心[ちゅうしん]に写真[しゃしん]を撮[と]りましょう。
JLPT_N3_암기장::52p,[명사 뒤에 접속하는 문형],～を通じて,~을 통해,この国は一年を通じて暖かいので、雪が降りません。,"이 나라는 1년 내내 따뜻하기 때문에, 눈이 내리지 않습니다。",この国[くに]は一年[いちねん]を通[つう]じて暖[あたた]かいので、雪[ゆき]が降[ふ]りません。
JLPT_N3_암기장::52p,[명사 뒤에 접속하는 문형],～を抜きにして,~을 빼고,松本さんの努力を抜きにして今回のような成果はありえなかったと思う。,마쓰모토 씨의 노력을 빼고 이번과 같은 성과는 있을 수 없었다고 생각한다。,松本[まつもと]さんの努力[どりょく]を抜[ぬ]きにして今回[こんかい]のような成果[せいか]はありえなかったと思[おも]う。
JLPT_N3_암기장::52p,[명사 뒤에 접속하는 문형],～をめぐって,~을 둘러싸고,そのうわさをめぐっていろんな意見がある。,그 소문을 둘러싸고 여러 의견이 있다。,そのうわさをめぐっていろんな意見[いけん]がある。
JLPT_N3_암기장::52p,[명사 뒤에 접속하는 문형],～をもとに,~을 토대로,この小説は実際にあった事件をもとにしている。,이 소설은 실제 있었던 사건을 토대로 하고 있다。,この小説[しょうせつ]は実際[じっさい]にあった事件[じけん]をもとにしている。
JLPT_N3_암기장::52p,[명사 뒤에 접속하는 문형],"A, BといったC","A,B와 같은 C",タイ、ベトナムといった東南アジアに旅行に行きたい。,"태국, 베트남과 같은 동남아시아로 여행가고 싶다。",タイ[たい]、ベトナム[べとなむ]といった東南アジア[とうなんあじあ]に旅行[りょこう]に行[い]きたい。
JLPT_N3_암기장::52p,[명사 뒤에 접속하는 문형],Aほど～Bはない,A만큼 ~한 B는 없다,母が作るケーキほどおいしいものはない。,엄마가 만드는 케이크만큼 맛있는 것은 없다。,母[はは]が作[つく]るケーキほどおいしいものはない。
JLPT_N3_암기장::52p,[동사 뒤에 접속하는 문형],いまにも～そうだ,금세라도 ~할 것 같다,いまにも泣きそうな顔をしている。,금세라도 울 것 같은 얼굴을 하고 있다。,いまにも泣[な]きそうな顔[かお]をしている。
JLPT_N3_암기장::52p,[동사 뒤에 접속하는 문형],～がちだ,~(하)기 쉽다,子供は好きなものだけ食べがちだ。,아이들은 좋아하는 것만 먹기 쉽다。,子供[こども]は好き[すき]なものだけ食[た]べがちだ。
JLPT_N3_암기장::52p,[동사 뒤에 접속하는 문형],～かねない,~할지도 모른다,そうやって週末も仕事をしていたら病気になりかねないよ。,그렇게 주말에도 일하고 있으면 병에 걸릴지도 몰라。,そうやって週末[しゅうまつ]も仕事[しごと]をしていたら病気[びょうき]になりかねないよ。
JLPT_N3_암기장::53p,[동사 뒤에 접속하는 문형],～きれない,다~(할) 수 없다,量が多すぎて食べきれなかった。,양이 너무 많아서 다 먹을 수 없었다。,量[りょう]が多[おお]すぎて食[た]べきれなかった。
JLPT_N3_암기장::53p,[동사 뒤에 접속하는 문형],～できそうもない,~(할)것 같지 않다,いくら頑張っても、できそうもない。,"아무리 열심히 해도, 가능할 것 같지도 않다。",いくら頑張[がんば]っても、できそうもない。
JLPT_N3_암기장::53p,[동사 뒤에 접속하는 문형],～降りそうにない,~할 것 같지 않다 (비가 내릴 가능성이 낮음),雨はまだ降りそうにない。,비는 아직 내릴 것 같지 않다。,雨[あめ]はまだ降[ふ]りそうにない。
JLPT_N3_암기장::53p,[동사 뒤에 접속하는 문형],～そうになる,~할 뻔하다,事故を起こしそうになったことがある。,사고를 일으킬 뻔한 적이 있다。,事故[じこ]を起[お]こしそうになったことがある。
JLPT_N3_암기장::53p,[동사 뒤에 접속하는 문형],～たい,~하고 싶다,将来は作家になりたい。,장래에는 작가가 되고 싶다。,将来[しょうらい]は作家[さっか]になりたい。
JLPT_N3_암기장::53p,[동사 뒤에 접속하는 문형],～つけっぱなし,~한 채로 두다,エアコンをつけっぱなしにしていると、電気代が高くなる。,"에어컨을 켠 채로 있으면, 전기세가 비싸진다。",エアコン[えあこん]をつけっぱなしにしていると、電気代[でんきだい]が高[たか]くなる。
JLPT_N3_암기장::53p,[동사 뒤에 접속하는 문형],～終わる,~을 끝내다,昨日借りたDVDは見終わった。,어제 빌린 DVD는 다 보았다。,昨日[きのう]借[か]りたDVD[でぃーぶいでぃー]は見[み]終[お]わった。
JLPT_N3_암기장::53p,[동사 뒤에 접속하는 문형],～直す,~을 다시 하다,レポートのテーマを変えたせいで、最初から書き直した。,"리포트의 주제를 바꾼 탓에, 처음부터 다시 썼다。",レポート[れぽーと]のテーマ[てーま]を変[か]えたせいで、最初[さいしょ]から書[か]き直[なお]した。
JLPT_N3_암기장::53p,[동사 뒤에 접속하는 문형],～にくい,~하기 어렵다,ここでは話しにくい内容だからあとで話すね。,여기에서는 말하기 어려운 내용이니까 나중에 말할게。,ここでは話[はな]しにくい内容[ないよう]だからあとで話[はな]すね。
JLPT_N3_암기장::53p,[동사 뒤에 접속하는 문형],～始める,~하기 시작하다,先週からピアノを習い始めた。,지난주부터 피아노를 배우기 시작했다。,先週[せんしゅう]からピアノ[ぴあの]を習[なら]い始[はじ]めた。
JLPT_N3_암기장::53p,[동사 뒤에 접속하는 문형],～やすい,~하기 쉽다,日本は韓国から近いので行きやすいです。,일본은 한국에서 가깝기 때문에 가기 쉽다。,日本[にほん]は韓国[かんこく]から近[ちか]いので行[い]きやすいです。
JLPT_N3_암기장::54p,[동사 뒤에 접속하는 문형],～てある,~되어 있다,テーブルの上には花が飾ってある。,테이블 위에는 꽃이 장식되어 있다。,テーブル[てーぶる]の上[うえ]には花[はな]が飾[かざ]ってある。
JLPT_N3_암기장::54p,[동사 뒤에 접속하는 문형],～ていく,(~하고) 가다,今日はお弁当を持っていきます。,오늘은 도시락을 가지고 갑니다。,今日はお弁当[おべんとう]を持[も]っていきます。
JLPT_N3_암기장::54p,[동사 뒤에 접속하는 문형],～て以来,"(~한) 이래, (~한) 이후",マラソンを始めて以来、初めて大会に出てみようと思っている。,"마라톤을 시작한 이래, 처음으로 대회에 나가보려고 생각하고 있다。",マラソン[まらそん]を始[はじ]めて以来[いらい]、初[はじ]めて大会[たいかい]に出[で]てみようと思[おも]っている。
JLPT_N3_암기장::54p,[동사 뒤에 접속하는 문형],～ている,"(~하고) 있다, (~한) 상태이다",人が多いから待っている。,사람이 많아서 기다리고 있습니다。,人[ひと]が多[おお]いから待[ま]っている。
JLPT_N3_암기장::54p,[동사 뒤에 접속하는 문형],～ている間に,(~하는) 동안에,友だちを待っている間に、音楽をきいていました。,"친구를 기다리는 동안에, 음악을 듣고 있었습니다。",友[とも]だちを待[ま]っている間[あいだ]に、音楽[おんがく]をきいていました。
JLPT_N3_암기장::54p,[동사 뒤에 접속하는 문형],～ておく,(해) 두다,暑いから窓は開けておくね。,더우니까 창문은 열어 둘게。,暑[あつ]いから窓[まど]は開[あ]けておくね。
JLPT_N3_암기장::54p,[동사 뒤에 접속하는 문형],～てから,(~하고) 나서,遊びに行くのは宿題を終えてからだ。,놀러 가는 것은 숙제를 끝내고 나서다。,遊[あそ]びに行[い]くのは宿題[しゅくだい]を終[お]えてからだ。
JLPT_N3_암기장::54p,[동사 뒤에 접속하는 문형],～てからでないと,(~하고) 나서는,この仕事が全部終わってからでないと帰れません。,이 일이 전부 끝나지 않고서는 돌아갈 수 없습니다。,この仕事[しごと]が全部[ぜんぶ]終[お]わってからでないと帰[かえ]れません。
JLPT_N3_암기장::54p,[동사 뒤에 접속하는 문형],～てごらん,~해 보렴,もう一度ゆっくりやってごらん。,한 번 더 천천히 해 보렴。,もう一度[いちど]ゆっくりやってごらん。
JLPT_N3_암기장::54p,[동사 뒤에 접속하는 문형],～てしまう(=ちゃう),~해 버리다,お皿を割ってしまいました(割っちゃいました)。,접시를 깨 버렸습니다。,お皿[さら]を割[わ]ってしまいました(割[わ]っちゃいました)。
JLPT_N3_암기장::54p,[동사 뒤에 접속하는 문형],～てしまう(=ちゃう),~해 버리다,発表で大きな失敗をしてしまった(しちゃった)。,발표에서 큰 실수를 해 버렸다。,発表[はっぴょう]で大[おお]きな失敗[しっぱい]をしてしまった(しちゃった)。
JLPT_N3_암기장::55p,[동사 뒤에 접속하는 문형],～てはじめて,~하고 나서야 비로소,社会人になってはじめて、お金を稼ぐことの大変さが分かりました。,"사회인이 되고 나서야 비로소, 돈을 버는 것의 어려움을 알았습니다。",社会人[しゃかいじん]になってはじめて、お金[かね]を稼[かせ]ぐことの大変[たいへん]さが分[わ]かりました。
JLPT_N3_암기장::55p,[동사 뒤에 접속하는 문형],～てばかりいる,~하기만 하다,最近遊んでばかりいるせいで成績が落ちた。,최근 놀기만 했던 탓에 성적이 떨어졌다。,最近[さいきん]遊[あそ]んでばかりいるせいで成績[せいせき]が落[お]ちた。
JLPT_N3_암기장::55p,[동사 뒤에 접속하는 문형],～てほしい,~해 주었으면 좋겠다,もしよかったら、少し手伝ってほしいです。,"혹시 괜찮다면, 조금 도와주었으면 좋겠습니다。",もしよかったら、少[すこ]し手伝[てつだ]ってほしいです。
JLPT_N3_암기장::55p,[동사 뒤에 접속하는 문형],～てもかまわない,~해도 상관없다,食事が終わったら、1階でお土産を見てもかまいません。,"식사가 끝나면, 1층에서 기념품을 보고 있어도 괜찮습니다。",食事[しょくじ]が終[お]わったら、1階[いっかい]でお土産[おみやげ]を見[み]てもかまいません。
JLPT_N3_암기장::55p,[동사 뒤에 접속하는 문형],～たうえで,~한 후에,相手の意見を理解したうえで自分の考えを話してください。,상대의 의견을 이해한 후에 자신의 생각을 말해 주세요。,相手[あいて]の意見[いけん]を理解[りかい]したうえで自分[じぶん]の考[かんが]えを話[はな]してください。
JLPT_N3_암기장::55p,[동사 뒤에 접속하는 문형],～たことがある,~한 적이 있다,日本の小説を読んだことがある。,일본의 소설을 읽은 적이 있다。,日本[にほん]の小説[しょうせつ]を読[よ]んだことがある。
JLPT_N3_암기장::55p,[동사 뒤에 접속하는 문형],～たことがない,~한 적이 없다,両親は飛行機に乗ったことがない。,부모님은 비행기를 탄 적이 없다。,両親[りょうしん]は飛行機[ひこうき]に乗[の]ったことがない。
JLPT_N3_암기장::55p,[동사 뒤에 접속하는 문형],～たところ,~해 보니,アンケート調査をしてみたところ、意外な結果が出た。,"앙케이트 조사를 해 보니, 의외의 결과가 나왔다。",アンケート調査[ちょうさ]をしてみたところ、意外[いがい]な結果[けっか]が出[で]た。
JLPT_N3_암기장::55p,[동사 뒤에 접속하는 문형],～たとたん,~하자마자,空港に着いたとたん、あやしい人が話しかけてきた。,"공항에 도착하자마자, 수상한 사람이 말을 걸어왔다。",空港[くうこう]に着[つ]いたとたん、あやしい人[ひと]が話[はな]しかけてきた。
JLPT_N3_암기장::55p,[동사 뒤에 접속하는 문형],～たばかり,~한 지 얼마 안 되다,買ったばかりのテレビなのに壊れてしまった。,산 지 얼마 안 된 텔레비전인데 고장 나 버렸다。,買[か]ったばかりのテレビ[てれび]なのに壊[こわ]れてしまった。
JLPT_N3_암기장::55p,[동사 뒤에 접속하는 문형],～たものだ,~하곤 했다,子供のころはこの公園でよく遊んだものだ。,어릴 때는 이 공원에서 자주 놀곤 했다。,子供[こども]のころはこの公園[こうえん]でよく遊[あそ]んだものだ。
JLPT_N3_암기장::56p,[동사 뒤에 접속하는 문형],～たり～たりする,~(하)거나 ~(하)거나 하다,週末は買い物をしたり友達と食事をしたりする。,주말은 쇼핑을 하거나 친구와 식사를 하거나 한다。,週末[しゅうまつ]は買[か]い物[もの]をしたり友達[ともだち]と食事[しょくじ]をしたりする。
JLPT_N3_암기장::56p,[동사 뒤에 접속하는 문형],～ずに,~(하)지 않고,この料理は誰でも失敗せずにおいしく作れる。,이 요리는 누구라도 실패하지 않고 맛있게 만들 수 있다。,この料理[りょうり]は誰[だれ]でも失敗[しっぱい]せずにおいしく作[つく]れる。
JLPT_N3_암기장::56p,[동사 뒤에 접속하는 문형],～ないこともない,~(하)지 않을 것도 없다,この山はそんなに高くないので、１時間で登れないこともないです。,"이 산은 그렇게 높지 않아서, 1시간에 오르지 못할 것도 없습니다。",この山[やま]はそんなに高[たか]くないので、1時間[いちじかん]で登[のぼ]れないこともないです。
JLPT_N3_암기장::56p,[동사 뒤에 접속하는 문형],～ないで,~(하)지 않고,一週間も授業に来ないで何をしていたの？,일주일이나 수업에 오지 않고 무엇을 하고 있던 거야?,一週間[いっしゅうかん]も授業[じゅぎょう]に来[こ]ないで何[なに]をしていたの？
JLPT_N3_암기장::56p,[동사 뒤에 접속하는 문형],～一方だ,~(하)기만 하다,子どもの数は減る一方だ。,아이의 수는 줄기만 한다。,子ども[こども]の数[かず]は減[へ]る一方[いっぽう]だ。
JLPT_N3_암기장::56p,[동사 뒤에 접속하는 문형],～一方で,~(하)는 한편,最近、自転車が健康にいいと注目される一方で、自転車事故が増えて問題になっている。,"최근, 자전거가 건강에 좋다고 주목을 받는 한편, 자전거 사고가 늘어서 문제가 되고 있다。",最近[さいきん]、自転車[じてんしゃ]が健康[けんこう]にいいと注目[ちゅうもく]される一方[いっぽう]で、自転車事故[じてんしゃじこ]が増[ふ]えて問題[もんだい]になっている。
JLPT_N3_암기장::56p,[동사 뒤에 접속하는 문형],～うえで,~하는 데 있어서,生きるうえで、一番重要なのは何だと思う？,"살아가는 데 있어서, 가장 중요한 것은 무엇이라고 생각해?",生[い]きるうえで、一番[いちばん]重要[じゅうよう]なのは何[なん]だと思[おも]う？
JLPT_N3_암기장::56p,[동사 뒤에 접속하는 문형],～ことができる,~할 수 있다,さまざまな方法を利用して感情を伝えることができる。,다양한 방법을 이용해서 감정을 전달할 수 있다。,さまざまな方法[ほうほう]を利用[りよう]して感情[かんじょう]を伝[つた]えることができる。
JLPT_N3_암기장::56p,[동사 뒤에 접속하는 문형],～ことだ,~해야 한다,かぜを早く治したいんだったら、ぐっすり寝ることだ。,"감기를 빨리 낫게 하고 싶다면, 푹 자야 한다。",かぜを早[はや]く治[なお]したいんだったら、ぐっすり寝[ね]ることだ。
JLPT_N3_암기장::56p,[동사 뒤에 접속하는 문형],～ことだ,~해야 한다,夜遅くはピアノをひかないことだ。,밤 늦게는 피아노를 치면 안 되는 것이다。,夜遅[よるおそ]くはピアノ[ぴあの]をひかないことだ。
JLPT_N3_암기장::57p,[동사 뒤에 접속하는 문형],～ことにする,~하기로 하다,友だちと旅行に行くことにした。,친구와 여행을 가기로 했다。,友だち[ともだち]と旅行[りょこう]に行[い]くことにした。
JLPT_N3_암기장::57p,[동사 뒤에 접속하는 문형],～ことにする,~하기로 하다,健康のためにお酒は飲まないことにした。,건강을 위해 술을 마시지 않기로 했다。,健康[けんこう]のためにお酒[おさけ]は飲[の]まないことにした。
JLPT_N3_암기장::57p,[동사 뒤에 접속하는 문형],～ことになっている,~하기로 되어 있다,運転免許は10年ごとに更新することになっている。,운전면허는 10년마다 갱신하기로 되어 있다。,運転免許[うんてんめんきょ]は10年[じゅうねん]ごとに更新[こうしん]することになっている。
JLPT_N3_암기장::57p,[동사 뒤에 접속하는 문형],～ことになっている,~하기로 되어 있다,これ以上は参加者を増やさないことになっています。,이 이상 참가자를 늘리지 않기로 되어 있습니다。,これ以上[いじょう]は参加者[さんかしゃ]を増[ふ]やさないことになっています。
JLPT_N3_암기장::57p,[동사 뒤에 접속하는 문형],～ことになる,~하게 되다,親の転勤でアメリカに行くことになりました。,부모님의 전근으로 미국에 가게 되었습니다。,親[おや]の転勤[てんきん]でアメリカ[あめりか]に行[い]くことになりました。
JLPT_N3_암기장::57p,[동사 뒤에 접속하는 문형],～ことになる,~하게 되다,けがをして今日の試合に出ないことになりました。,부상을 당해서 오늘 경기에는 나가지 않게 되었습니다。,けがをして今日[きょう]の試合[しあい]に出[で]ないことになりました。
JLPT_N3_암기장::57p,[동사 뒤에 접속하는 문형],～ことはない,~할 필요는 없다,失敗しただけで、そんなに泣くことはない。,"실패했을 뿐인데, 그렇게 울 필요는 없다。",失敗[しっぱい]しただけで、そんなに泣[な]くことはない。
JLPT_N3_암기장::57p,[동사 뒤에 접속하는 문형],～つもりだ,~할 생각이다,来年はヨーロッパへ旅行するつもりだ。,내년에는 유럽으로 여행할 생각이다。,来年[らいねん]はヨーロッパ[よーろっぱ]へ旅行[りょこう]するつもりだ。
JLPT_N3_암기장::57p,[동사 뒤에 접속하는 문형],～つもりだ,~할 생각이다,宿題が多いので今日は寝ないつもりだ。,숙제가 많아서 오늘은 자지 않을 생각이다。,宿題[しゅくだい]が多[おお]いので今日は寝[ね]ないつもりだ。
JLPT_N3_암기장::57p,[동사 뒤에 접속하는 문형],～ところだ,~하려던 참이다,仕事が終わって、これから帰るところだった。,일이 끝나서 이제 막 집에 가려던 참이었다。,仕事[しごと]が終[お]わって、これから帰[かえ]るところだった。
JLPT_N3_암기장::57p,[동사 뒤에 접속하는 문형],～には,~하려면,この列車に乗るには予約をする必要があります。,이 열차를 타려면 예약을 해야 합니다。,この列車[れっしゃ]に乗[の]るには予約[よやく]をする必要[ひつよう]があります。
JLPT_N3_암기장::58p,[동사 뒤에 접속하는 문형],～ほうがいい,~하는 편이 좋다,このことは早く彼に言うほうがいい。,이 일을 빨리 그에게 말하는 편이 좋다。,このことは早[はや]く彼[かれ]に言[い]うほうがいい。
JLPT_N3_암기장::58p,[동사 뒤에 접속하는 문형],～ほうがいい,~하는 편이 좋다,今は話しかけないほうがいいと思う。,지금은 말을 걸지 않는 편이 좋다고 생각해。,今[いま]は話[はな]しかけないほうがいいと思[おも]う。
JLPT_N3_암기장::58p,[동사 뒤에 접속하는 문형],～ほうがいい,~하는 편이 좋다,風邪をひいたら薬を飲んだほうがいい。,감기에 걸리면 약을 먹는 편이 좋다。,風邪[かぜ]をひいたら薬[くすり]を飲[の]んだほうがいい。
JLPT_N3_암기장::58p,[동사 뒤에 접속하는 문형],～ほかない,~하는 수밖에 없다,この辺りはタクシーも来ないので、歩いて行くほかありません。,"이 주변은 택시도 오지 않기 때문에, 걸어서 가는 수밖에 없습니다。",この辺[あた]りはタクシー[たくしー]も来[こ]ないので、歩[ある]いて行[い]くほかありません。
JLPT_N3_암기장::58p,[동사 뒤에 접속하는 문형],～ものではない,~해서는 안 된다,うそを言うものではない。,거짓말을 해서는 안 된다。,うそを言[い]うものではない。
JLPT_N3_암기장::58p,[동사 뒤에 접속하는 문형],～ようと思う,~하려고 생각하다,今月から運動を始めようと思っている。,이번 달부터 운동을 시작하려고 생각하고 있다。,今月[こんげつ]から運動[うんどう]を始[はじ]めようと思[おも]っている。
JLPT_N3_암기장::58p,[동사 뒤에 접속하는 문형],～ようとする,~하려고 하다,勉強しようとしたのに、母に呼ばれた。,"공부하려고 했는데, 엄마한테 불렸다。",勉強[べんきょう]しようとしたのに、母[はは]に呼[よ]ばれた。
JLPT_N3_암기장::58p,[동사 뒤에 접속하는 문형],～ようにする,~하도록 하다,健康のために運動するようにします。,건강을 위해서 운동하도록 하겠습니다。,健康[けんこう]のために運動[うんどう]するようにします。
JLPT_N3_암기장::58p,[동사 뒤에 접속하는 문형],～ようにする,~하도록 하다,遅刻しないようにします。,지각하지 않도록 하겠습니다。,遅刻[ちこく]しないようにします。
JLPT_N3_암기장::58p,[동사 뒤에 접속하는 문형],～ようになる,~하게 되다,歴史をもっと学びたいと思うようになった。,역사를 더 배우고 싶다고 생각하게 되었다。,歴史[れきし]をもっと学[まな]びたいと思[おも]うようになった。
JLPT_N3_암기장::58p,[동사 뒤에 접속하는 문형],～わけにはいかない,~할 수는 없다,残念ですが、うちで犬を飼うわけにはいきません。,"유감이지만, 우리 집에서 개를 키울 수는 없습니다。",残念[ざんねん]ですが、うちで犬[いぬ]を飼[か]うわけにはいきません。
JLPT_N3_암기장::58p,[동사 뒤에 접속하는 문형],～わけにはいかない,~할 수는 없다,社長に頼まれた仕事は嫌でもしないわけにはいかない。,사장에게 부탁받은 일을 싫어도 안 할 수는 없다。,社長[しゃちょう]に頼[たの]まれた仕事[しごと]は嫌[いや]でもしないわけにはいかない。
JLPT_N3_암기장::59p,[여러 품사 뒤에 접속하는 문형],～ことで,"~로 인해, ~(해서)",早く起きることでゆっくり朝食が食べられるようになった。,일찍 일어남으로 인해 천천히 아침 식사를 할 수 있게 되었다。,早[はや]く起[お]きることでゆっくり朝食[ちょうしょく]が食[た]べられるようになった。
JLPT_N3_암기장::59p,[여러 품사 뒤에 접속하는 문형],～ことで,"~로 인해, ~(해서)",考えたくないのに、不安なことで頭がいっぱいになってしまう。,"생각하고 싶지 않은데, 불안한 일로 인해 머릿속이 가득 차 버린다。",考[かんが]えたくないのに、不安[ふあん]なことで頭[あたま]がいっぱいになってしまう。
JLPT_N3_암기장::59p,[여러 품사 뒤에 접속하는 문형],～ことで,"~로 인해, ~(해서)",小さいことで怒らないで。,사소한 일로 화내지 마。,小[ちい]さいことで怒[おこ]らないで。
JLPT_N3_암기장::59p,[여러 품사 뒤에 접속하는 문형],～ことで,"~로 인해, ~(해서)",ピアノの発表会のことで相談したいことがあります。,피아노 발표회에 관한 상담하고 싶은 것이 있습니다。,ピアノ[ぴあの]の発表会[はっぴょうかい]のことで相談[そうだん]したいことがあります。
JLPT_N3_암기장::59p,[여러 품사 뒤에 접속하는 문형],～てもおかしくない,~해도 이상하지 않다,最近、無理をしているから、いつ病気になってもおかしくないと思う。,"최근 무리를 하고 있어서, 언제 병이 나도 이상하지 않다고 생각한다。",最近[さいきん]、無理[むり]をしているから、いつ病気[びょうき]になってもおかしくないと思[おも]う。
JLPT_N3_암기장::59p,[여러 품사 뒤에 접속하는 문형],～てもおかしくない,~해도 이상하지 않다,約束が急になくなったんだから、不満でもおかしくない。,"약속이 갑자기 없어졌으니, 불만이 있어도 이상하지 않다。",約束[やくそく]が急[きゅう]になくなったんだから、不満[ふまん]でもおかしくない。
JLPT_N3_암기장::59p,[여러 품사 뒤에 접속하는 문형],～てもおかしくない,~해도 이상하지 않다,女性が鉄道に詳しくてもおかしくありません。,여성이 철도에 대해 잘 알고 있어도 이상하지 않다。,女性[じょせい]が鉄道[てつどう]に詳[くわ]しくてもおかしくありません。
JLPT_N3_암기장::59p,[여러 품사 뒤에 접속하는 문형],～てもおかしくない,~해도 이상하지 않다,はるかという名前は男でもおかしくない名前です。,하루카'라는 이름은 남자가 사용해도 이상하지 않은 이름이다。,はるかという名前[なまえ]は男[おとこ]でもおかしくない名前です。
JLPT_N3_암기장::59p,[여러 품사 뒤에 접속하는 문형],～ても不思議ではない,~해도 이상하지 않다,いつ倒れても不思議ではないくらい古い家です。,언제 무너져도 이상하지 않을 정도로 오래된 집이다。,いつ倒[たお]れても不思議[ふしぎ]ではないくらい古[ふる]い家[いえ]です。
JLPT_N3_암기장::59p,[여러 품사 뒤에 접속하는 문형],～ても不思議ではない,~해도 이상하지 않다,趣味がないなら毎日が退屈でも不思議ではない。,취미가 없다면 매일이 지루해도 이상하지 않다。,趣味[しゅみ]がないなら毎日[まいにち]が退屈[たいくつ]でも不思議[ふしぎ]ではない。
JLPT_N3_암기장::59p,[여러 품사 뒤에 접속하는 문형],～ても不思議ではない,~해도 이상하지 않다,昨日雨が降ったので車が汚くても不思議ではないです。,어제 비가 왔기 때문에 차가 더러워도 이상하지 않다。,昨日[きのう]雨[あめ]が降[ふ]ったので車[くるま]が汚[きたな]くても不思議[ふしぎ]ではないです。
JLPT_N3_암기장::59p,[여러 품사 뒤에 접속하는 문형],～ても不思議ではない,~해도 이상하지 않다,その会議で反対が過半数でも不思議ではない。,그 회의에서 반대가 과반수를 차지해도 이상하지 않다。,その会議[かいぎ]で反対[はんたい]が過半数[かはんすう]でも不思議[ふしぎ]ではない。
JLPT_N3_암기장::60p,[여러 품사 뒤에 접속하는 문형],～わけだ,"~인 것이다, ~인 셈이다",遊んでばかりいる彼が合格するわけがない。,놀기만 하고 있는 그가 합격할 리가 없다。,遊[あそ]んでばかりいる彼[かれ]が合格[ごうかく]するわけがない。
JLPT_N3_암기장::60p,[여러 품사 뒤에 접속하는 문형],～わけだ,"~인 것이다, ~인 셈이다",寒いのにずっと外にいたから顔が真っ赤なわけだ。,추운데 계속 밖에 있었기 때문에 얼굴이 새빨간 것이다。,寒[さむ]いのにずっと外[そと]にいたから顔[かお]が真[ま]っ赤[あか]なわけだ。
JLPT_N3_암기장::60p,[여러 품사 뒤에 접속하는 문형],～わけだ,"~인 것이다, ~인 셈이다",彼女は日本で３年間働いたらしい。だから日本に詳しいわけだ。,그녀는 일본에서 3년간 일했다고 한다. 그 때문에 일본에 대해 잘 아는 것이다。,彼女[かのじょ]は日本[にほん]で３年間[さんねんかん]働[はたら]いたらしい。だから日本[にほん]に詳[くわ]しいわけだ。
JLPT_N3_암기장::60p,[여러 품사 뒤에 접속하는 문형],～わけだ,"~인 것이다, ~인 셈이다",彼は作文が下手なのに作家なわけがない。,그는 작문을 못하는데 작가일 리가 없다。,彼[かれ]は作文[さくぶん]が下手[へた]なのに作家[さっか]なわけがない。
JLPT_N3_암기장::60p,[여러 품사 뒤에 접속하는 문형],～たら,~하면,薬を飲んだら少し楽になりました。,약을 먹었더니 조금 편해졌습니다。,薬[くすり]を飲[の]んだら少[すこ]し楽[らく]になりました。
JLPT_N3_암기장::60p,[여러 품사 뒤에 접속하는 문형],～たら,~하면,坂がなだらかだったら、自転車に乗ったまま坂を越えるのに。,"언덕이 완만했으면, 자전거를 탄 채로 언덕을 넘는데。",坂[さか]がなだらかだったら、自転車[じてんしゃ]に乗[の]ったまま坂[さか]を越[こ]えるのに。
JLPT_N3_암기장::60p,[여러 품사 뒤에 접속하는 문형],～たら,~하면,服装がだらしなかったら先生に注意されちゃうよ。,복장이 깔끔하지 못하면 선생님께 주의 받을 거야。,服装[ふくそう]がだらしなかったら先生[せんせい]に注意[ちゅうい]されちゃうよ。
JLPT_N3_암기장::60p,[여러 품사 뒤에 접속하는 문형],～たら,~하면,申請を取り消すのが本人の希望だったら問題ありません。,신청을 취소하는 것이 본인의 희망이라면 문제 없습니다。,申請[しんせい]を取[と]り消[け]すのが本人[ほんにん]の希望[きぼう]だったら問題[もんだい]ありません。
JLPT_N3_암기장::60p,[여러 품사 뒤에 접속하는 문형],～だけあって,~인 만큼,Ａ大学を目指しているだけあって、山田さんは頭がいい。,"Ａ대학을 목표로 하고 있는 만큼, 야마다 씨는 머리가 좋다。",Ａ大学[だいがく]を目指[めざ]しているだけあって、山田[やまだ]さんは頭[あたま]がいい。
JLPT_N3_암기장::60p,[여러 품사 뒤에 접속하는 문형],～だけあって,~인 만큼,この機械は病気の詳しい検査が可能なだけあって大きいですね。,이 기계는 병의 상세한 검사가 가능한 만큼 크네요。,この機械[きかい]は病気[びょうき]の詳[くわ]しい検査[けんさ]が可能[かのう]なだけあって大[おお]きいですね。
JLPT_N3_암기장::60p,[여러 품사 뒤에 접속하는 문형],～だけあって,~인 만큼,練習がきつかっただけあって、夏休みの間にかなり上達した。,"연습이 힘들었던 만큼, 여름방학 동안에 꽤 실력이 늘었다。",練習[れんしゅう]がきつかっただけあって、夏休[なつやす]みの間[あいだ]にかなり上達[じょうたつ]した。
JLPT_N3_암기장::60p,[여러 품사 뒤에 접속하는 문형],～だけあって,~인 만큼,中村さんは大学の先生だけあっていろいろなことを知っていますね。,나카무라 씨는 대학의 선생님인 만큼 다양한 것을 알고 있네요。,中村[なかむら]さんは大学[だいがく]の先生[せんせい]だけあっていろいろなことを知[し]っていますね。
JLPT_N3_암기장::61p,[여러 품사 뒤에 접속하는 문형],～だけだ,~뿐이다,このクッキーは材料を混ぜて焼くだけだから、難しくない。,이 쿠키는 재료를 섞어서 굽기만 하면 되니까 어렵지 않다。,このクッキー[くっきー]は材料[ざいりょう]を混[ま]ぜて焼[や]くだけだから、難[むずか]しくない。
JLPT_N3_암기장::61p,[여러 품사 뒤에 접속하는 문형],～だけだ,~뿐이다,動物は苦手なだけです。嫌いではありません。,동물은 그냥 서툰 것뿐입니다. 싫어하는 것은 아닙니다。,動物[どうぶつ]は苦手[にがて]なだけです。嫌[きら]いではありません。
JLPT_N3_암기장::61p,[여러 품사 뒤에 접속하는 문형],～だけだ,~뿐이다,このズボンはゆるいだけだから、ベルトがあればまだはけます。,"이 바지는 그냥 헐렁할 뿐이니까, 벨트가 있으면 아직 입을 수 있습니다。",このズボン[ずぼん]はゆるいだけだから、ベルト[べると]があればまだはけます。
JLPT_N3_암기장::61p,[여러 품사 뒤에 접속하는 문형],～だけだ,~뿐이다,宿題を出していないのはもうあなただけです。,숙제를 내지 않은 것은 이제 너뿐입니다。,宿題[しゅくだい]を出[だ]していないのはもうあなた[あな]だけです。
JLPT_N3_암기장::61p,[여러 품사 뒤에 접속하는 문형],～だけで,"~만으로, ~뿐",あなたが笑ってくれるだけで、私は幸せです。,네가 웃어주는 것만으로 나는 행복합니다。,あなた[あな]が笑[わら]ってくれるだけで、私[わたし]は幸[しあわ]せです。
JLPT_N3_암기장::61p,[여러 품사 뒤에 접속하는 문형],～だけで,"~만으로, ~뿐",一人で家事をするのは、大変なだけでできないことではない。,혼자서 집안일을 하는 것은 힘들 뿐이지 못할 것은 아니다。,一人[ひとり]で家事[かじ]をするのは、大変[たいへん]なだけでできないことではない。
JLPT_N3_암기장::61p,[여러 품사 뒤에 접속하는 문형],～だけで,"~만으로, ~뿐",道が少し険しかっただけで、登れない山ではなかったです。,"길이 약간 험했을 뿐이지, 오를 수 없는 산은 아니었습니다。",道[みち]が少[すこ]し険[けわ]しかっただけで、登[のぼ]れない山[やま]ではなかったです。
JLPT_N3_암기장::61p,[여러 품사 뒤에 접속하는 문형],～だけで,"~만으로, ~뿐",このお菓子は小麦粉と卵だけでできています。,이 과자는 밀가루와 달걀만으로 만들어졌습니다。,このお菓子[おかし]は小麦粉[こむぎこ]と卵[たまご]だけでできています。
JLPT_N3_암기장::61p,[여러 품사 뒤에 접속하는 문형],～だけでなく,~뿐만 아니라,試合に勝つだけでなく、大会で優勝したいです。,"시합에서 이길 뿐만 아니라, 대회에서 우승하고 싶습니다。",試合[しあい]に勝[か]つだけでなく、大会[たいかい]で優勝[ゆうしょう]したいです。
JLPT_N3_암기장::61p,[여러 품사 뒤에 접속하는 문형],～だけでなく,~뿐만 아니라,彼は歌が上手なだけでなく、自分で曲も作る。,"그는 노래를 잘할 뿐만 아니라, 직접 곡도 만든다。",彼[かれ]は歌[うた]が上手[じょうず]なだけでなく、自分[じぶん]で曲[きょく]も作[つく]る。
JLPT_N3_암기장::61p,[여러 품사 뒤에 접속하는 문형],～だけでなく,~뿐만 아니라,あの看板は大きいだけでなく、とても派手で目立っている。,"저 간판은 크기만 한 것이 아니라, 매우 화려해서 눈에 띈다。",あの看板[かんばん]は大[おお]きいだけでなく、とても派手[はで]で目立[めだ]っている。
JLPT_N3_암기장::61p,[여러 품사 뒤에 접속하는 문형],～だけでなく,~뿐만 아니라,この旅館は美味しい料理だけでなく、天然の温泉でも有名です。,"이 료칸은 맛있는 요리뿐만 아니라, 천연 온천으로도 유명합니다。",この旅館[りょかん]は美味[おい]しい料理[りょうり]だけでなく、天然[てんねん]の温泉[おんせん]でも有名[ゆうめい]です。
JLPT_N3_암기장::62p,[여러 품사 뒤에 접속하는 문형],～だけでも,~만으로도,聞くだけでも恐ろしい話ですね。,듣는 것만으로도 무서운 이야기네요。,聞[き]くだけでも恐[おそ]ろしい話[はなし]ですね。
JLPT_N3_암기장::62p,[여러 품사 뒤에 접속하는 문형],～だけでも,~만으로도,面接で不合格になった理由が明らかなだけでもありがたいです。,면접에 불합격이 되었던 이유가 분명한 것만으로도 감사합니다。,面接[めんせつ]で不合格[ふごうかく]になった理由[りゆう]が明[あき]らかなだけでもありがたいです。
JLPT_N3_암기장::62p,[여러 품사 뒤에 접속하는 문형],～だけでも,~만으로도,出張にいく場所が遠いだけでも嫌なのに、期間も長いんです。,"출장 가는 장소가 먼 것만으로도 싫은데, 기간도 깁니다。",出張[しゅっちょう]にいく場所[ばしょ]が遠[とお]いだけでも嫌[いや]なのに、期間[きかん]も長[なが]いんです。
JLPT_N3_암기장::62p,[여러 품사 뒤에 접속하는 문형],～だけでも,~만으로도,もしよろしければ説明だけでも聞いていってください。,만약 괜찮다면 설명만이라도 듣고 가 주세요。,もしよろしければ説明[せつめい]だけでも聞[き]いていってください。
JLPT_N3_암기장::62p,[여러 품사 뒤에 접속하는 문형],～だけでよければ,~만으로 좋다면,宣伝の紙を配るだけでよければ、私にも手伝わせてください。,"선전 종이를 나눠주는 것만으로 좋다면, 저에게도 돕게 해 주세요。",宣伝[せんでん]の紙[かみ]を配[くば]るだけでよければ、私[わたし]にも手伝[てつだ]わせてください。
JLPT_N3_암기장::62p,[여러 품사 뒤에 접속하는 문형],～だけでよければ,~만으로 좋다면,英語が上手なだけでよければ、誰でも申し込みできますか。,"영어를 잘하는 것만으로 좋다면, 누구든지 신청할 수 있습니까?",英語[えいご]が上手[じょうず]なだけでよければ、誰[だれ]でも申し込[もうしこ]みできますか。
JLPT_N3_암기장::62p,[여러 품사 뒤에 접속하는 문형],～だけでよければ,~만으로 좋다면,背が高いだけでよければ、紹介できる人がいます。,"키 큰 것만으로 좋다면, 소개할 수 있는 사람이 있습니다。",背[せ]が高[たか]いだけでよければ、紹介[しょうかい]できる人[ひと]がいます。
JLPT_N3_암기장::62p,[여러 품사 뒤에 접속하는 문형],～だけでよければ,~만으로 좋다면,午前中だけでよければ私は大丈夫です。,오전 중만으로 좋다면 저는 괜찮습니다。,午前中[ごぜんちゅう]だけでよければ私[わたし]は大丈夫[だいじょうぶ]です。
JLPT_N3_암기장::62p,[여러 품사 뒤에 접속하는 문형],～だけに,~인 만큼,よく旅行に行くだけに彼は英語が上手だ。,자주 여행을 가는 만큼 그는 영어를 잘 한다。,よく旅行[りょこう]に行[い]くだけに彼[かれ]は英語[えいご]が上手[じょうず]だ。
JLPT_N3_암기장::62p,[여러 품사 뒤에 접속하는 문형],～だけに,~인 만큼,サッカーが好きなだけに夜遅くまで試合を見たりする。,축구를 좋아하는 만큼 밤 늦게까지 시합을 보거나 한다。,サッカー[さっかー]が好[す]きなだけに夜遅[よるおそ]くまで試合[しあい]を見[み]たりする。
JLPT_N3_암기장::62p,[여러 품사 뒤에 접속하는 문형],～だけに,~인 만큼,若いだけに何が流行しているのかよく知っている。,젊은 만큼 무엇이 유행하고 있는지 잘 알고 있다。,若[わか]いだけに何[なに]が流行[りゅうこう]しているのかよく知[し]っている。
JLPT_N3_암기장::62p,[여러 품사 뒤에 접속하는 문형],～だけに,~인 만큼,初めて作った料理だけに、母においしいと言われてうれしかった。,"처음 만든 요리인 만큼, 엄마에게 맛있다고 들어서 기뻤다。",初[はじ]めて作[つく]った料理[りょうり]だけに、母[はは]においしいと言[い]われてうれしかった。
JLPT_N3_암기장::63p,[여러 품사 뒤에 접속하는 문형],～なら,~라면,ペットが飼えるなら毎日世話をすると約束します。,애완 동물을 키울 수 있다면 매일 돌볼 거라고 약속합니다。,ペット[ぺっと]が飼[か]えるなら毎日[まいにち]世話[せわ]をすると約束[やくそく]します。
JLPT_N3_암기장::63p,[여러 품사 뒤에 접속하는 문형],～なら,~라면,一人で処理するのが困難なら、誰かにお願いすることにします。,"혼자서 처리하는 것이 곤란하다면, 누군가에게 부탁하는 것으로 하겠습니다。",一人[ひとり]で処理[しょり]するのが困難[こんなん]なら、誰[だれ]かにお願い[おねが]いすることにします。
JLPT_N3_암기장::63p,[여러 품사 뒤에 접속하는 문형],～なら,~라면,故郷の家族が恋しいなら、たまには会いにいけばいい。,"고향의 가족이 그립다면, 가끔 만나러 가면 된다。",故郷[こきょう]の家族[かぞく]が恋[こい]しいなら、たまには会[あ]いにいけばいい。
JLPT_N3_암기장::63p,[여러 품사 뒤에 접속하는 문형],～なら,~라면,本なら何でも好きです。,책이라면 무엇이든지 좋아합니다。,本[ほん]なら何[なん]でも好[す]きです。
JLPT_N3_암기장::63p,[여러 품사 뒤에 접속하는 문형],～ようなら,~할 것 같으면,この服、サイズが合うようなら君にあげるよ。,"이 옷, 사이즈가 맞을 것 같으면 너에게 줄게。",この服[ふく]、サイズ[さいず]が合[あ]うようなら君[きみ]にあげるよ。
JLPT_N3_암기장::63p,[여러 품사 뒤에 접속하는 문형],～ようなら,~할 것 같으면,手が汚れて真っ黒なようなら、あっちで手を洗ってきなさい。,"손이 더러워져서 새까만 경우라면, 저기에서 손을 씻고 오세요。",手[て]が汚[よご]れて真[ま]っ黒[くろ]なようなら、あっちで手[て]を洗[あら]ってきなさい。
JLPT_N3_암기장::63p,[여러 품사 뒤에 접속하는 문형],～ようなら,~할 것 같으면,これ以上ついていくようなら、こちらも黙ってはいません。,"이 이상 따라오는 경우라면, 이쪽도 가만히 있지 않겠습니다。",これ以上[いじょう]ついていくようなら、こちらも黙[だま]ってはいません。
JLPT_N3_암기장::63p,[여러 품사 뒤에 접속하는 문형],～ようなら,~할 것 같으면,この量でも余裕のようなら、明日はもっとお願いします。,"이 정도 양이라도 여유인 것 같으면, 내일은 좀 더 부탁합니다。",この量[りょう]でも余裕[よゆう]のようなら、明日[あした]はもっとお願い[おねが]いします。
JLPT_N3_암기장::63p,[여러 품사 뒤에 접속하는 문형],～と,~하면,砂糖を入れると甘くなります。,설탕을 넣으면 달아집니다。,砂糖[さとう]を入[い]れると甘[あま]くなります。
JLPT_N3_암기장::63p,[여러 품사 뒤에 접속하는 문형],～ないと,~하지 않으면,何でも積極的ではないとせっかくの機会を失ってしまう。,무엇이든 적극적이지 않으면 모처럼의 기회를 잃어버린다。,何[なん]でも積極的[せっきょくてき]ではないとせっかくの機会[きかい]を失[うしな]ってしまう。
JLPT_N3_암기장::63p,[여러 품사 뒤에 접속하는 문형],～ないと,~하지 않으면,動きがあまり激しいと疲れやすいので、腕は小さく動かします。,"움직임이 지나치게 격하면 피로해지기 쉬우므로, 팔은 작게 움직입니다。",動[うご]きがあまり激[はげ]しいと疲[つか]れやすいので、腕[うで]は小[ちい]さく動[うご]かします。
JLPT_N3_암기장::63p,[여러 품사 뒤에 접속하는 문형],～ないと,~하지 않으면,今日は大雨だから休業が休講じゃないと納得できない。,오늘은 큰비이므로 수업이 휴강이 아니면 납득할 수 없다。,今日[きょう]は大雨[おおあめ]だから休業[きゅうぎょう]が休講[きゅうこう]じゃないと納得[なっとく]できない。
JLPT_N3_암기장::64p,[여러 품사 뒤에 접속하는 문형],～という,"~라는, ~라고 하는",林さんがやめるといううわさを聞きました。,하야시 씨가 그만둔다고 하는 소문을 들었습니다。,林[はやし]さんがやめるといううわさを聞[き]きました。
JLPT_N3_암기장::64p,[여러 품사 뒤에 접속하는 문형],～という,"~라는, ~라고 하는",今年の山下公園の桜は見事だということです。,올해 야마시타 공원의 벚꽃은 훌륭하다고 합니다。,今年[ことし]の山下公園[やましたこうえん]の桜[さくら]は見事[みごと]だということです。
JLPT_N3_암기장::64p,[여러 품사 뒤에 접속하는 문형],～という,"~라는, ~라고 하는",お風呂の水を捨てるのはもったいないという人もいます。,욕조의 물을 버리는 것은 아깝다고 하는 사람도 있습니다。,お風呂[おふろ]の水[みず]を捨[す]てるのはもったいないという人[ひと]もいます。
JLPT_N3_암기장::64p,[여러 품사 뒤에 접속하는 문형],～という,"~라는, ~라고 하는",奨学金という援助を受けながら、大学に通っています。,"장학금이라고 하는 원조를 받으면서, 대학을 다니고 있습니다。",奨学金[しょうがくきん]という援助[えんじょ]を受[う]けながら、大学[だいがく]に通[かよ]っています。
JLPT_N3_암기장::64p,[여러 품사 뒤에 접속하는 문형],～ということだ,~라고 한다,この店はしばらく休業するということだ。,이 가게는 잠시 휴업한다고 한다。,この店[みせ]はしばらく休業[きゅうぎょう]するということだ。
JLPT_N3_암기장::64p,[여러 품사 뒤에 접속하는 문형],～ということだ,~라고 한다,駅前にあるあの広告は効果的だということだ。,역 앞에 있는 저 광고는 효과적이라고 한다。,駅前[えきまえ]にあるあの広告[こうこく]は効果的[こうかてき]だということだ。
JLPT_N3_암기장::64p,[여러 품사 뒤에 접속하는 문형],～ということだ,~라고 한다,彼はテレビも買えないくらいに貧しいということだ。,그는 텔레비전도 살 수 없을 정도로 가난하다고 한다。,彼[かれ]はテレビ[てれび]も買[か]えないくらいに貧[まず]しいということだ。
JLPT_N3_암기장::64p,[여러 품사 뒤에 접속하는 문형],～ということだ,~라고 한다,あの会社の経営は、今危ない状態だということだ。,"저 회사의 경영은, 지금 위험한 상태라고 한다。",あの会社[かいしゃ]の経営[けいえい]は、今[いま]危[あぶ]ない状態[じょうたい]だということだ。
JLPT_N3_암기장::64p,[여러 품사 뒤에 접속하는 문형],～というのに,~라고 하는데,来月友だちが結婚するというのに、なぜか少し悲しくなった。,"다음 달 친구가 결혼한다고 하는데, 왠지 조금 슬퍼졌다。",来月[らいげつ]友[とも]だちが結婚[けっこん]するというのに、なぜか少[すこ]し悲[かな]しくなった。
JLPT_N3_암기장::64p,[여러 품사 뒤에 접속하는 문형],～というのに,~라고 하는데,レストランの予約がいっぱいだというのに、どうしても行きたい。,"레스토랑 예약이 꽉 찼다고 하는데, 어떻게든 가고 싶다。",レストラン[れすとらん]の予約[よやく]がいっぱいだというのに、どうしても行[い]きたい。
JLPT_N3_암기장::64p,[여러 품사 뒤에 접속하는 문형],～というのに,~라고 하는데,みんなあの曲はとてもいいというのに、私はあまり好きではない。,"모두 저 노래는 매우 좋다고 하는데, 나는 그다지 좋아하지 않는다。",みんなあの曲[きょく]はとてもいいというのに、私[わたし]はあまり好[す]きではない。
JLPT_N3_암기장::64p,[여러 품사 뒤에 접속하는 문형],～というのに,~라고 하는데,彼は先生だというのに、まったくそう見えない。,"그는 선생님이라고 하는데, 전혀 그렇게 보이지 않는다。",彼[かれ]は先生[せんせい]だというのに、まったくそう見[み]えない。
JLPT_N3_암기장::65p,[여러 품사 뒤에 접속하는 문형],～というような,~와 같은,リムジンに乗るというようなすごい経験をしました。,리무진을 타는 것과 같은 대단한 경험을 했습니다。,リムジン[りむじん]に乗[の]るというようなすごい経験[けいけん]をしました。
JLPT_N3_암기장::65p,[여러 품사 뒤에 접속하는 문형],～というような,~와 같은,周りを気の毒だというような態度をとられても気にしません。,주변에서 가엾다는 듯한 태도를 보여도 신경 쓰지 않습니다。,周[まわ]りを気[き]の毒[どく]だというような態度[たいど]をとられても気[き]にしません。
JLPT_N3_암기장::65p,[여러 품사 뒤에 접속하는 문형],～というような,~와 같은,申し訳ないというような表情をされると、すぐに許してしまう。,"미안하다는 듯한 표정을 지으면, 바로 용서해 버린다。",申し訳[もうしわけ]ないというような表情[ひょうじょう]をされると、すぐに許[ゆる]してしまう。
JLPT_N3_암기장::65p,[여러 품사 뒤에 접속하는 문형],～というような,~와 같은,世の中に絶対というようなものはありません。,세상에 절대적인 것과 같은 것은 없습니다。,世の中[よのなか]に絶対[ぜったい]というようなものはありません。
JLPT_N3_암기장::65p,[여러 품사 뒤에 접속하는 문형],～といっても,~라고 해도,中国語ができるといっても、あいさつぐらいです。,"중국어를 할 수 있다고 해도, 인사 정도입니다。",中国語[ちゅうごくご]ができるといっても、あいさつぐらいです。
JLPT_N3_암기장::65p,[여러 품사 뒤에 접속하는 문형],～といっても,~라고 해도,兄は元気だといっても骨折していることにかわりない。,형이 건강하다고 해도 골절된 것은 변함없다。,兄[あに]は元気[げんき]だといっても骨折[こっせつ]していることにかわりない。
JLPT_N3_암기장::65p,[여러 품사 뒤에 접속하는 문형],～といっても,~라고 해도,水泳がうまいといっても、もっと上手な人はたくさんいます。,"수영을 잘한다고 해도, 더 잘하는 사람이 많습니다。",水泳[すいえい]がうまいといっても、もっと上手[じょうず]な人[ひと]はたくさんいます。
JLPT_N3_암기장::65p,[여러 품사 뒤에 접속하는 문형],～といっても,~라고 해도,いくらそれが最近の流行だといっても、決してまねはしたくない。,"아무리 그것이 최근 유행이라고 해도, 절대 따라 하고 싶지 않다。",いくらそれが最近[さいきん]の流行[りゅうこう]だといっても、決[けっ]してまねはしたくない。
JLPT_N3_암기장::65p,[여러 품사 뒤에 접속하는 문형],～としたら,~라고 하면,もし自分を色で表すとしたら、何色だと思う？,"만약 자신을 색으로 나타낸다고 하면, 어떤 색이라고 생각해?",もし自分[じぶん]を色[いろ]で表[あらわ]すとしたら、何色[なにいろ]だと思[おも]う？
JLPT_N3_암기장::65p,[여러 품사 뒤에 접속하는 문형],～としたら,~라고 하면,顔が真っ青だとしたら、すぐに家に帰って休む必要がある。,"얼굴이 창백하다면, 바로 집에 가서 쉬는 것이 필요하다。",顔[かお]が真[ま]っ青[あお]だとしたら、すぐに家[いえ]に帰[かえ]って休[やす]む必要[ひつよう]がある。
JLPT_N3_암기장::65p,[여러 품사 뒤에 접속하는 문형],～としたら,~라고 하면,犬がおとなしいとしたら、お店に連れて行ってもいいですか？,"강아지가 얌전하다면, 가게에 데리고 가도 괜찮습니까?",犬[いぬ]がおとなしいとしたら、お店[みせ]に連[つ]れて行[い]ってもいいですか？
JLPT_N3_암기장::65p,[여러 품사 뒤에 접속하는 문형],～としたら,~라고 하면,その話が誤解だとしたら、はやく本当のことを伝えるべきです。,"그 이야기가 오해라면, 빨리 진실을 전달해야 합니다。",その話[はなし]が誤解[ごかい]だとしたら、はやく本当[ほんとう]のことを伝[つた]えるべきです。
JLPT_N3_암기장::66p,[여러 품사 뒤에 접속하는 문형],～としても,~라고 해도,部屋を片付けたとしても、また散らかしてしまうと思います。,"방을 정리했다고 해도, 또 어질러 놓을 거라고 생각합니다。",部屋[へや]を片付[かたづ]けたとしても、また散[ちら]かしてしまうと思[おも]います。
JLPT_N3_암기장::66p,[여러 품사 뒤에 접속하는 문형],～としても,~라고 해도,たとえ困難だとしても最初から諦めてはいけません。,만약 곤란하다고 해도 처음부터 포기해서는 안 됩니다。,たとえ困難[こんなん]だとしても最初[さいしょ]から諦[あきら]めてはいけません。
JLPT_N3_암기장::66p,[여러 품사 뒤에 접속하는 문형],～としても,~라고 해도,怪しかったとしても理由もなく人を疑うことはよくない。,수상했다고 해도 이유 없이 사람을 의심하는 것은 좋지 않다。,怪[あや]しかったとしても理由[りゆう]もなく人[ひと]を疑[うたが]うことはよくない。
JLPT_N3_암기장::66p,[여러 품사 뒤에 접속하는 문형],～としても,~라고 해도,もし事実だとしても信じたくない。,만약 사실이라고 해도 믿고 싶지 않다。,もし事実[じじつ]だとしても信[しん]じたくない。
JLPT_N3_암기장::66p,[여러 품사 뒤에 접속하는 문형],～とは限らない,~라고 할 수는 없다,必ずしも勝つとは限りません。,반드시 이긴다고 단정지을 수 없습니다。,必[かなら]ずしも勝[か]つとは限[かぎ]りません。
JLPT_N3_암기장::66p,[여러 품사 뒤에 접속하는 문형],～とは限らない,~라고 할 수는 없다,いつも笑っているからといってその人が幸せだとは限らない。,항상 웃고 있다고 해서 그 사람이 행복하다고 단정지을 수 없다。,いつも笑[わら]っているからといってその人[ひと]が幸[しあわ]せだとは限[かぎ]らない。
JLPT_N3_암기장::66p,[여러 품사 뒤에 접속하는 문형],～とは限らない,~라고 할 수는 없다,小学校から同じクラスだからといって親しいとは限りません。,초등학교부터 같은 반이었다고 해도 친하다고는 단정지을 수 없습니다。,小学校[しょうがっこう]から同[おな]じクラスだからといって親[した]しいとは限[かぎ]りません。
JLPT_N3_암기장::66p,[여러 품사 뒤에 접속하는 문형],～とは限らない,~라고 할 수는 없다,姉は３歳からピアノを習っていますが彼女の意思とは限らない。,누나는 3살 때부터 피아노를 배우고 있지만 그녀의 의사라고는 단정지을 수 없다。,姉[あね]は３歳[さんさい]からピアノ[ぴあの]を習[なら]っていますが彼女[かのじょ]の意思[いし]とは限[かぎ]らない。
JLPT_N3_암기장::66p,[여러 품사 뒤에 접속하는 문형],～うえに,~데다가,友達は宿題を早く終わらせたうえに、私の宿題も手伝ってくれた。,"친구는 숙제를 빨리 끝낸 데다가, 내 숙제도 도와주었다。",友達[ともだち]は宿題[しゅくだい]を早[はや]く終[お]わらせたうえに、私[わたし]の宿題[しゅくだい]も手伝[てつだ]ってくれた。
JLPT_N3_암기장::66p,[여러 품사 뒤에 접속하는 문형],～うえに,~데다가,あの魚は巨大なうえにめずらしいので高く売れた。,저 물고기는 거대한 데다가 희귀하기 때문에 비싸게 팔렸다。,あの魚[さかな]は巨大[きょだい]なうえにめずらしいので高[たか]く売[う]れた。
JLPT_N3_암기장::66p,[여러 품사 뒤에 접속하는 문형],～うえに,~데다가,この仕事は危ないうえに、給料も安いのでやりたくない。,"이 일은 위험한 데다가, 급료도 싸기 때문에 하고 싶지 않다。",この仕事[しごと]は危[あぶ]ないうえに、給料[きゅうりょう]も安[やす]いのでやりたくない。
JLPT_N3_암기장::66p,[여러 품사 뒤에 접속하는 문형],～うえに,~데다가,厳しい訓練であるうえに休憩時間も少なく、みんな疲れていた。,"엄한 훈련인 데다가 휴식 시간도 적어, 모두 지쳐 있었다。",厳[きび]しい訓練[くんれん]であるうえに休憩時間[きゅうけいじかん]も少[すく]なく、みんな疲[つか]れていた。
JLPT_N3_암기장::67p,[여러 품사 뒤에 접속하는 문형],～かわりに,~대신에,私が洗濯物をたたむかわりにあなたはお皿を洗ってね。,내가 빨래를 개는 대신에 너는 접시를 씻어줘。,私[わたし]が洗濯物[せんたくもの]をたたむかわりにあなた[あなた]はお皿[さら]を洗[あら]ってね。
JLPT_N3_암기장::67p,[여러 품사 뒤에 접속하는 문형],～かわりに,~대신에,人前で話すのが苦手なかわりに文章を書くことは得意です。,사람들 앞에서 이야기하는 것이 서투른 대신에 글을 쓰는 것은 잘합니다。,人前[ひとまえ]で話[はな]すのが苦手[にがて]なかわりに文章[ぶんしょう]を書くことは得意[とくい]です。
JLPT_N3_암기장::67p,[여러 품사 뒤에 접속하는 문형],～かわりに,~대신에,このお店はアクセスが悪いかわりに、味は最高なんですよ。,"이 가게는 접근성이 나쁜 대신에, 맛은 최고입니다。",このお店[おみせ]はアクセス[あくせす]が悪[わる]いかわりに、味[あじ]は最高[さいこう]なんですよ。
JLPT_N3_암기장::67p,[여러 품사 뒤에 접속하는 문형],～かわりに,~대신에,私のかわりに山本さんが発表する予定です。,나 대신에 야마모토 씨가 발표할 예정입니다。,私[わたし]のかわりに山本[やまもと]さんが発表[はっぴょう]する予定[よてい]です。
JLPT_N3_암기장::67p,[여러 품사 뒤에 접속하는 문형],～からといって,"~라고 해서, ~라고 하더라도",失敗したからといってあきらめる必要はない。,실패했다고 해서 포기할 필요는 없다。,失敗[しっぱい]したからといってあきらめる必要[ひつよう]はない。
JLPT_N3_암기장::67p,[여러 품사 뒤에 접속하는 문형],～からといって,"~라고 해서, ~라고 하더라도",面倒だからといって宿題をしないわけにはいかない。,귀찮다고 해서 숙제를 안 할 수는 없다。,面倒[めんどう]だからといって宿題[しゅくだい]をしないわけにはいかない。
JLPT_N3_암기장::67p,[여러 품사 뒤에 접속하는 문형],～からといって,"~라고 해서, ~라고 하더라도",安いからといって何でも買うのはよくない。,싸다고 해서 뭐든지 사는 것은 좋지 않다。,安[やす]いからといって何[なん]でも買[か]うのはよくない。
JLPT_N3_암기장::67p,[여러 품사 뒤에 접속하는 문형],～からといって,"~라고 해서, ~라고 하더라도",医者だからといってすべての病気は治せない。,의사라고 해서 모든 병을 고칠 수는 없다。,医者[いしゃ]だからといってすべての病気[びょうき]は治[なお]せない。
JLPT_N3_암기장::67p,[여러 품사 뒤에 접속하는 문형],～せいで,"~탓에, ~탓으로",寝坊したせいで、新幹線に乗れなかった。,늦잠을 잔 탓에 신칸센을 못 탔다。,寝坊[ねぼう]したせいで、新幹線[しんかんせん]に乗[の]れなかった。
JLPT_N3_암기장::67p,[여러 품사 뒤에 접속하는 문형],～せいで,"~탓에, ~탓으로",腹の中が空いていないせいで授業に全然集中できない。,배가 고프지 않은 탓에 수업에 전혀 집중할 수 없다。,腹[はら]の中[なか]が空[す]いていないせいで授業[じゅぎょう]に全然[ぜんぜん]集中[しゅうちゅう]できない。
JLPT_N3_암기장::67p,[여러 품사 뒤에 접속하는 문형],～せいで,"~탓에, ~탓으로",気候がおかしいせいで突然暑くなったり寒くなったりする。,기후가 이상한 탓에 갑자기 더워졌다가 추워졌다가 한다。,気候[きこう]がおかしいせいで突然[とつぜん]暑[あつ]くなったり寒[さむ]くなったりする。
JLPT_N3_암기장::67p,[여러 품사 뒤에 접속하는 문형],～せいで,"~탓에, ~탓으로",少ない予算のせいで買いたかったプレゼントが買えなかった。,적은 예산 탓에 사고 싶었던 선물을 못 샀다。,少[すく]ない予算[よさん]のせいで買[か]いたかったプレゼント[ぷれぜんと]が買[か]えなかった。
JLPT_N3_암기장::68p,[여러 품사 뒤에 접속하는 문형],～ことに,~마다,パンが焼けることに、すぐお店に出して売っています。,"빵이 구워질 때마다, 바로 가게에 내서 팔고 있습니다。",パン[ぱん]が焼[や]けることに、すぐお店[みせ]に出[だ]して売[う]っています。
JLPT_N3_암기장::68p,[여러 품사 뒤에 접속하는 문형],～ことに,~마다,あのめざまし時計は10分ごとに鳴るようにしておきました。,저 알람 시계는 10분마다 울리도록 해 두었습니다。,あのめざまし時計[どけい]は10分[じゅっぷん]ごとに鳴[な]るようにしておきました。
JLPT_N3_암기장::68p,[여러 품사 뒤에 접속하는 문형],～最中に,~한창 ~하는 중에,勉強をしている最中に停電した。,한창 공부를 하는 중에 정전됐다。,勉強[べんきょう]をしている最中[さいちゅう]に停電[ていでん]した。
JLPT_N3_암기장::68p,[여러 품사 뒤에 접속하는 문형],～最中に,~한창 ~하는 중에,商品の輸送の最中に問題が発生したと会社から連絡が来た。,상품의 운송 중에 문제가 발생했다고 회사에서 연락이 왔다。,商品[しょうひん]の輸送[ゆそう]の最中[さいちゅう]に問題[もんだい]が発生[はっせい]したと会社[かいしゃ]から連絡[れんらく]が来[き]た。
JLPT_N3_암기장::68p,[여러 품사 뒤에 접속하는 문형],～くせに,~주제에,彼は遅れてきたくせに、席が悪いと文句を言った。,"그는 늦게 온 주제에, 자리가 나쁘다고 불만을 말했다。",彼[かれ]は遅[おく]れてきたくせに、席[せき]が悪[わる]いと文句[もんく]を言[い]った。
JLPT_N3_암기장::68p,[여러 품사 뒤에 접속하는 문형],～くせに,~주제에,自分も嫌なくせに、他の人にその仕事をやらせた。,"자신도 싫어하는 주제에, 다른 사람에게 그 일을 시켰다。",自分[じぶん]も嫌[いや]なくせに、他[ほか]の人[ひと]にその仕事[しごと]をやらせた。
JLPT_N3_암기장::68p,[여러 품사 뒤에 접속하는 문형],～たびに,~(할) 때마다,親に会うたびに、「いつ結婚するの」と聞かれるのがいやだ。,"부모님을 만날 때마다, '언제 결혼하니?'라고 듣는 것이 싫다。",親[おや]に会[あ]うたびに、「いつ結婚[けっこん]するの」と聞[き]かれるのがいやだ。
JLPT_N3_암기장::68p,[여러 품사 뒤에 접속하는 문형],～たびに,~(할) 때마다,事件の解決のたびにニュースで大きく取り上げられる。,사건 해결 때마다 뉴스에서 크게 거론된다。,事件[じけん]の解決[かいけつ]のたびにニュース[にゅーす]で大[おお]きく取[と]り上[あ]げられる。
JLPT_N3_암기장::68p,[여러 품사 뒤에 접속하는 문형],～ために,~위해서,野菜をおいしく育てるためには水と太陽と土が必要です。,채소를 맛있게 키우기 위해서는 물과 태양과 흙이 필요합니다。,野菜[やさい]をおいしく育[そだ]てるためには水[みず]と太陽[たいよう]と土[つち]が必要[ひつよう]です。
JLPT_N3_암기장::68p,[여러 품사 뒤에 접속하는 문형],～ために,~위해서,世界平和のために国際会議が開かれる。,세계 평화를 위해서 국제회의가 열린다。,世界平和[せかいへいわ]のために国際会議[こくさいかいぎ]が開[ひら]かれる。
JLPT_N3_암기장::68p,[여러 품사 뒤에 접속하는 문형],～ために,~위해서,これ以上子供を減らさないために政府は対策をすべきです。,이 이상 아이를 줄지 않게 하기 위해서 정부는 대책을 세워야 합니다。,これ以上[いじょう]子供[こども]を減[へ]らさないために政府[せいふ]は対策[たいさく]をすべきです。
JLPT_N3_암기장::69p,[여러 품사 뒤에 접속하는 문형],～ついでに,~하는 김에,郵便局に行くついでに本屋によって雑誌を買って来てくれない？,우체국에 가는 김에 서점에 들러서 잡지를 사 와 주지 않을래?,郵便局[ゆうびんきょく]に行[い]くついでに本屋[ほんや]によって雑誌[ざっし]を買[か]って来[き]てくれない？
JLPT_N3_암기장::69p,[여러 품사 뒤에 접속하는 문형],～ついでに,~하는 김에,誕生日のお祝いのついでに就職のお祝いもしましょう。,생일 축하하는 김에 취직 축하도 합시다。,誕生日[たんじょうび]のお祝い[おいわい]のついでに就職[しゅうしょく]のお祝い[おいわい]もしましょう。
JLPT_N3_암기장::69p,[여러 품사 뒤에 접속하는 문형],～とおりに,~대로,私の言うとおりにしてください。,제 말하는 대로 해주세요。,私[わたし]の言[い]うとおりにしてください。
JLPT_N3_암기장::69p,[여러 품사 뒤에 접속하는 문형],～とおりに,~대로,覚えたとおりに一度やってみましょう。,외운 대로 한 번 해 봅시다。,覚[おぼ]えたとおりに一度[いちど]やってみましょう。
JLPT_N3_암기장::69p,[여러 품사 뒤에 접속하는 문형],～とおりに,~대로,説明書のとおりに組み立てたら簡単に完成しました。,설명서대로 조립했더니 간단히 완성했습니다。,説明書[せつめいしょ]のとおりに組[く]み立[た]てたら簡単[かんたん]に完成[かんせい]しました。
JLPT_N3_암기장::69p,[여러 품사 뒤에 접속하는 문형],～とおりに,~대로,普段どおりに早く寝ようとしたが、昨日はなかなか眠れなかった。,"평소대로 빨리 자려고 했지만, 어제는 좀처럼 잘 수 없었다。",普段[ふだん]どおりに早[はや]く寝[ね]ようとしたが、昨日[きのう]はなかなか眠[ねむ]れなかった。
JLPT_N3_암기장::69p,[여러 품사 뒤에 접속하는 문형],～とともに,"~와 함께, ~와 동시에",健康になるとともに体力もついた。,건강해짐과 함께 체력도 붙었다。,健康[けんこう]になるとともに体力[たいりょく]もついた。
JLPT_N3_암기장::69p,[여러 품사 뒤에 접속하는 문형],～とともに,"~와 함께, ~와 동시에",町の発展とともに引っ越してくる人が増えた。,마을의 발전과 함께 이사해 오는 사람이 늘었다。,町[まち]の発展[はってん]とともに引[ひ]っ越[こ]してくる人[ひと]が増[ふ]えた。
JLPT_N3_암기장::69p,[여러 품사 뒤에 접속하는 문형],～うちに,"~하는 동안에, ~일 때",英語を学ぶうちに留学に興味を持つようになった。,영어를 배우는 동안에 유학에 흥미를 가지게 되었다。,英語[えいご]を学[まな]ぶうちに留学[りゅうがく]に興味[きょうみ]を持[も]つようになった。
JLPT_N3_암기장::69p,[여러 품사 뒤에 접속하는 문형],～うちに,"~하는 동안에, ~일 때",祖父が元気なうちにたくさん会いに行くつもりだ。,할아버지가 건강하신 동안에 많이 만나러 갈 생각이다。,祖父[そふ]が元気[げんき]なうちにたくさん会[あ]いに行[い]くつもりだ。
JLPT_N3_암기장::69p,[여러 품사 뒤에 접속하는 문형],～うちに,"~하는 동안에, ~일 때",料理は熱いうちに食べたほうがおいしいです。,요리는 뜨거울 때 먹는 편이 맛있습니다。,料理[りょうり]は熱[あつ]いうちに食[た]べたほうがおいしいです。
JLPT_N3_암기장::69p,[여러 품사 뒤에 접속하는 문형],～うちに,"~하는 동안에, ~일 때",学生のうちに一人で旅行してみたいです。,학생일 때 혼자서 여행해 보고 싶습니다。,学生[がくせい]のうちに一人[ひとり]で旅行[りょこう]してみたいです。
JLPT_N3_암기장::69p,[여러 품사 뒤에 접속하는 문형],～うちに,"~하는 동안에, ~일 때",忘れないうちに、みんなに連絡しておきましょう。,"잊어버리기 전에, 모두에게 연락해 둡시다。",忘[わす]れないうちに、みんなに連絡[れんらく]しておきましょう。
JLPT_N3_암기장::70p,[여러 품사 뒤에 접속하는 문형],～にしても,"~라고 해도, ~인 경우에도",遊ぶにしても宿題を済ませないと遊びに行けません。,놀러 간다고 해도 숙제를 끝내지 않으면 놀러 갈 수 없습니다。,遊[あそ]ぶにしても宿題[しゅくだい]を済[す]ませないと遊[あそ]びに行[い]けません。
JLPT_N3_암기장::70p,[여러 품사 뒤에 접속하는 문형],～にしても,"~라고 해도, ~인 경우에도",数学が苦手であるにしてもこれくらいの問題は解けます。,수학을 잘 못한다고 해도 이 정도의 문제는 풀 수 있습니다。,数学[すうがく]が苦手[にがて]であるにしてもこれくらいの問題[もんだい]は解[と]けます。
JLPT_N3_암기장::70p,[여러 품사 뒤에 접속하는 문형],～にしても,"~라고 해도, ~인 경우에도",安いにしても、今はお金がなくて買えません。,"싸다고 해도, 지금은 돈이 없어서 살 수 없습니다。",安[やす]いにしても、今[いま]はお金[かね]がなくて買[か]えません。
JLPT_N3_암기장::70p,[여러 품사 뒤에 접속하는 문형],～にしても,"~라고 해도, ~인 경우에도",休日にしても今日のデパートは人が多すぎるんじゃないかな。,휴일이라고 해도 오늘 백화점은 사람이 너무 많은 것 같아요。,休日[きゅうじつ]にしても今日[きょう]のデパート[でぱーと]は人[ひと]が多[おお]すぎるんじゃないかな。
JLPT_N3_암기장::70p,[여러 품사 뒤에 접속하는 문형],～にしては,~치고는,練習したにしては結果があまりよくなかった。,연습한 것치고는 결과가 별로 좋지 않았다。,練習[れんしゅう]したにしては結果[けっか]があまりよくなかった。
JLPT_N3_암기장::70p,[여러 품사 뒤에 접속하는 문형],～にしては,~치고는,彼ははじめにしては遅刻が多い。,그는 처음인데 치고는 지각이 많다。,彼[かれ]ははじめにしては遅刻[ちこく]が多[おお]い。
JLPT_N3_암기장::70p,[여러 품사 뒤에 접속하는 문형],～にしては,~치고는,このコップは小さいにしては重い。,이 컵은 작지만 치고는 무겁다。,このコップ[こっぷ]は小[ちい]さいにしては重[おも]い。
JLPT_N3_암기장::70p,[여러 품사 뒤에 접속하는 문형],～にしては,~치고는,人生初めての面接にしては、全く緊張しなかった。,인생 첫 면접 치고는 전혀 긴장하지 않았다。,人生[じんせい]初[はじ]めての面接[めんせつ]にしては、全[まった]く緊張[きんちょう]しなかった。
JLPT_N3_암기장::70p,[여러 품사 뒤에 접속하는 문형],～につれ,~(함)에 따라,発表する日が近づくにつれ緊張してきました。,발표하는 날이 가까워질수록 긴장되었습니다。,発表[はっぴょう]する日[ひ]が近[ちか]づくにつれ緊張[きんちょう]してきました。
JLPT_N3_암기장::70p,[여러 품사 뒤에 접속하는 문형],～につれ,~(함)에 따라,時代の変化につれ、人も言葉も変わっていく。,시대 변화에 따라 사람도 말도 변해 간다。,時代[じだい]の変化[へんか]につれ、人[ひと]も言葉[ことば]も変[か]わっていく。
JLPT_N3_암기장::70p,[여러 품사 뒤에 접속하는 문형],～場合,~인 경우,電話番号が変わった場合は新しい番号を教えてくださいね。,전화번호가 바뀐 경우에는 새로운 번호를 알려 주세요。,電話番号[でんわばんごう]が変[か]わった場合[ばあい]は新[あたら]しい番号[ばんごう]を教[おし]えてくださいね。
JLPT_N3_암기장::70p,[여러 품사 뒤에 접속하는 문형],～場合,~인 경우,受験のことで不安な場合はいつでも相談にきていいですよ。,입시에 대해 불안한 경우에는 언제든 상담하러 와도 됩니다。,受験[じゅけん]のことで不安[ふあん]な場合[ばあい]はいつでも相談[そうだん]にきていいですよ。
JLPT_N3_암기장::70p,[여러 품사 뒤에 접속하는 문형],～場合,~인 경우,何度注意しても守らない場合は、警察に連絡します。,아무리 주의를 줘도 지키지 않는 경우에는 경찰에 연락합니다。,何度[なんど]注意[ちゅうい]しても守[まも]らない場合[ばあい]は、警察[けいさつ]に連絡[れんらく]します。
JLPT_N3_암기장::70p,[여러 품사 뒤에 접속하는 문형],～場合,~인 경우,火事、地震など、非常の場合には、階段を利用してください。,"화재, 지진 등 비상 상황의 경우에는 계단을 이용해 주세요。",火事[かじ]、地震[じしん]など、非常[ひじょう]の場合[ばあい]には、階段[かいだん]を利用[りよう]してください。
JLPT_N3_암기장::71p,[여러 품사 뒤에 접속하는 문형],～ほか,~외에,風邪予防には人の多い場所を避けるほかに、手を洗うのが大切だ。,"감기 예방을 위해 사람이 많은 장소를 피하는 것 외에, 손을 씻는 것이 중요하다。",風邪予防[かぜよぼう]には人[ひと]の多[おお]い場所[ばしょ]を避[さ]けるほかに、手[て]を洗[あら]うのが大切[たいせつ]だ。
JLPT_N3_암기장::71p,[여러 품사 뒤에 접속하는 문형],～ほか,~외에,日本は家では靴を脱ぐのが一般的だが、床に座るのも一般的だ。,"일본에서는 집에서 신발을 벗는 것이 일반적이지만, 바닥에 앉는 것도 일반적이다。",日本[にほん]は家[いえ]では靴[くつ]を脱[ぬ]ぐのが一般的[いっぱんてき]だが、床[ゆか]に座[すわ]るのも一般的[いっぱんてき]だ。
JLPT_N3_암기장::71p,[여러 품사 뒤에 접속하는 문형],～ほか,~외에,ここは駅から近いほかにメリットがない。,여기는 역에서 가까운 것 외에 장점이 없다。,ここは駅[えき]から近[ちか]いほかにメリット[めりっと]がない。
JLPT_N3_암기장::71p,[여러 품사 뒤에 접속하는 문형],～ほか,~외에,急激に上昇した物価のほか、税金も上がって生活は苦しくなった。,급격히 상승한 물가 외에도 세금도 올라서 생활이 어려워졌다。,急激[きゅうげき]に上昇[じょうしょう]した物価[ぶっか]のほか、税金[ぜいきん]も上[あ]がって生活[せいかつ]は苦[くる]しくなった。
JLPT_N3_암기장::71p,[여러 품사 뒤에 접속하는 문형],～前に,~전에,食事をする前に手を洗いましょう。,식사하기 전에 손을 씻읍시다。,食事[しょくじ]をする前[まえ]に手[て]を洗[あら]いましょう。
JLPT_N3_암기장::71p,[여러 품사 뒤에 접속하는 문형],～前に,~전에,面接の準備の前にまずは筆記試験に合格することが大切です。,면접 준비를 하기 전에 우선 필기 시험에 합격하는 것이 중요하다。,面接[めんせつ]の準備[じゅんび]の前[まえ]にまずは筆記試験[ひっきしけん]に合格[ごうかく]することが大切[たいせつ]です。
JLPT_N3_암기장::71p,[여러 품사 뒤에 접속하는 문형],～まま,"~한 채, ~대로",テレビをつけたまま、寝てしまった。,텔레비전을 켠 채로 잠들어 버렸다。,テレビ[てれび]をつけたまま、寝[ね]てしまった。
JLPT_N3_암기장::71p,[여러 품사 뒤에 접속하는 문형],～まま,"~한 채, ~대로",出かけた息子が帰って来なくて心配なまま一日を過ごした。,외출한 아들이 돌아오지 않아서 걱정된 채로 하루를 보냈다。,出[で]かけた息子[むすこ]が帰[かえ]って来[こ]なくて心配[しんぱい]なまま一日[いちにち]を過[す]ごした。
JLPT_N3_암기장::71p,[여러 품사 뒤에 접속하는 문형],～まま,"~한 채, ~대로",何度洗濯してもその靴下は臭いままだった。,아무리 세탁해도 그 양말은 여전히 냄새가 났다。,何度[なんど]洗濯[せんたく]してもその靴下[くつした]は臭[くさ]いままだった。
JLPT_N3_암기장::71p,[여러 품사 뒤에 접속하는 문형],～まま,"~한 채, ~대로",彼女は外国人と結婚したが、国籍は日本のままです。,그녀는 외국인과 결혼했지만 국적은 여전히 일본이다。,彼女[かのじょ]は外国人[がいこくじん]と結婚[けっこん]したが、国籍[こくせき]は日本[にほん]のままです。
JLPT_N3_암기장::71p,[여러 품사 뒤에 접속하는 문형],～わりに,~에 비해서,いつもお金がないって言ってるわりに、よく旅行に行くね。,항상 돈이 없다고 말하는 것에 비해서 자주 여행을 가네。,いつもお金[かね]がないって言[い]ってるわりに、よく旅行[りょこう]に行[い]くね。
JLPT_N3_암기장::71p,[여러 품사 뒤에 접속하는 문형],～わりに,~에 비해서,あの山道は坂が急なわりに意外と歩きやすいです。,저 산길은 경사가 가파른 것에 비해서 의외로 걷기 쉽습니다。,あの山道[さんどう]は坂[さか]が急[きゅう]なわりに意外[いがい]と歩[ある]きやすいです。
JLPT_N3_암기장::71p,[여러 품사 뒤에 접속하는 문형],～わりに,~에 비해서,友達は頭がいいわりに成績はよくないらしい。,친구는 머리가 좋은 것에 비해서 성적은 좋지 않은 것 같다。,友達[ともだち]は頭[あたま]がいいわりに成績[せいせき]はよくないらしい。
JLPT_N3_암기장::71p,[여러 품사 뒤에 접속하는 문형],～わりに,~에 비해서,あの二人は姉妹のわりに顔も性格も似ていない。,저 두 사람은 자매인 것에 비해서 얼굴도 성격도 닮지 않았다。,あの二人[ふたり]は姉妹[しまい]のわりに顔[かお]も性格[せいかく]も似[に]ていない。
JLPT_N3_암기장::72p,[여러 품사 뒤에 접속하는 문형],～おかげだ,~덕분이다,外国人の友達がたくさんいるのは、海外で暮らしていたおかげだ。,외국인 친구가 많은 것은 해외에서 생활했던 덕분이다。,外国人[がいこくじん]の友達[ともだち]がたくさんいるのは、海外[かいがい]で暮[く]らしていたおかげだ。
JLPT_N3_암기장::72p,[여러 품사 뒤에 접속하는 문형],～おかげだ,~덕분이다,いろいろな場所に旅行に行けるのは、運転ができるおかげだ。,여러 장소에 여행을 갈 수 있는 것은 운전이 가능한 덕분이다。,いろいろな場所[ばしょ]に旅行[りょこう]に行[い]けるのは、運転[うんてん]ができるおかげだ。
JLPT_N3_암기장::72p,[여러 품사 뒤에 접속하는 문형],～おかげだ,~덕분이다,今日、かばんが軽いのは、いつもより授業が少ないおかげだ。,오늘 가방이 가벼운 것은 평소보다 수업이 적은 덕분이다。,今日[きょう]、かばんが軽[かる]いのは、いつもより授業[じゅぎょう]が少[すく]ないおかげだ。
JLPT_N3_암기장::72p,[여러 품사 뒤에 접속하는 문형],～おかげだ,~덕분이다,子供が無事だったのはあなたのおかげです。,아이가 무사한 것은 당신 덕분입니다。,子供[こども]が無事[ぶじ]だったのはあなたのおかげです。
JLPT_N3_암기장::72p,[여러 품사 뒤에 접속하는 문형],～かもしれない,~일지도 모른다,犯人は事件現場にまた現れるかもしれない。,범인은 사건 현장에 다시 나타날지도 모른다。,犯人[はんにん]は事件[じけん]現場[げんば]にまた現[あら]れるかもしれない。
JLPT_N3_암기장::72p,[여러 품사 뒤에 접속하는 문형],～かもしれない,~일지도 모른다,彼は料理が下手かもしれない。,그는 요리가 서툴지도 모른다。,彼[かれ]は料理[りょうり]が下手[へた]かもしれない。
JLPT_N3_암기장::72p,[여러 품사 뒤에 접속하는 문형],～かもしれない,~일지도 모른다,思ったより面白いかもしれない。,생각보다 재미있을지도 몰라。,思[おも]ったより面白[おもしろ]いかもしれない。
JLPT_N3_암기장::72p,[여러 품사 뒤에 접속하는 문형],～かもしれない,~일지도 모른다,あの人はいろいろな病気について詳しいから医者かもしれない。,저 사람은 다양한 병에 대해 잘 알고 있기 때문에 의사일지도 모른다。,あの人[ひと]はいろいろな病気[びょうき]について詳[くわ]しいから医者[いしゃ]かもしれない。
JLPT_N3_암기장::72p,[여러 품사 뒤에 접속하는 문형],～かどうか,~인지 어떤지,この仕事を新人に任せるかどうか、もう一度考えないといけない。,이 일을 신입사원에게 맡길지 어떨지 다시 생각해야 한다。,この仕事[しごと]を新人[しんじん]に任[まか]せるかどうか、もう一度[いちど]考[かんが]えないといけない。
JLPT_N3_암기장::72p,[여러 품사 뒤에 접속하는 문형],～かどうか,~인지 어떤지,あの子がいたずらっ子かどうかなんて友達の僕が一番よく知っている。,저 아이가 짓궂은지 어떤지 따위 친구인 내가 가장 잘 알고 있습니다。,あの子[こ]がいたずらっ子[こ]かどうかなんて友達[ともだち]の僕[ぼく]が一番[いちばん]よく知[し]っている。
JLPT_N3_암기장::72p,[여러 품사 뒤에 접속하는 문형],～かどうか,~인지 어떤지,その映画が面白いかどうかは見てみないと分からない。,그 영화가 재미있는지 어떤지는 봐 보지 않으면 모른다。,その映画[えいが]が面白[おもしろ]いかどうかは見[み]てみないと分[わ]からない。
JLPT_N3_암기장::72p,[여러 품사 뒤에 접속하는 문형],～かどうか,~인지 어떤지,来週の遠足が中止になるかどうかは当日の天気で決まります。,다음 주 소풍이 중지될지 어떨지는 당일의 날씨로 결정됩니다。,来週[らいしゅう]の遠足[えんそく]が中止[ちゅうし]になるかどうかは当日[とうじつ]の天気[てんき]で決[き]まります。
JLPT_N3_암기장::73p,[여러 품사 뒤에 접속하는 문형],～がる,"~하고 싶어하다, ~해 하다",祖父は孫に会いたがっている。,할아버지는 손자를 보고 싶어 하고 있다。,祖父[そふ]は孫[まご]に会[あ]いたがっている。
JLPT_N3_암기장::73p,[여러 품사 뒤에 접속하는 문형],～がる,"~하고 싶어하다, ~해 하다",子供が犬を不安がるので、大きな音で驚かないでくれませんか。,"아이가 개를 불안해하기 때문에, 큰 소리로 놀라지 말아 주시겠습니까?",子供[こども]が犬[いぬ]を不安[ふあん]がるので、大[おお]きな音[おと]で驚[おどろ]かないでくれませんか。
JLPT_N3_암기장::73p,[여러 품사 뒤에 접속하는 문형],～がる,"~하고 싶어하다, ~해 하다",妹は犬を怖がる。,여동생은 개를 무서워한다。,妹[いもうと]は犬[いぬ]を怖[こわ]がる。
JLPT_N3_암기장::73p,[여러 품사 뒤에 접속하는 문형],～すぎる,너무 ~하다,チョコレートは冷やしすぎると固くなりすぎる。,초콜릿을 너무 식히면 너무 딱딱해진다。,チョコレート[ちょこれーと]は冷[ひ]やしすぎると固[かた]くなりすぎる。
JLPT_N3_암기장::73p,[여러 품사 뒤에 접속하는 문형],～すぎる,너무 ~하다,彼女はいつも上品すぎて、ただの一般人とは思えない。,"그녀는 항상 너무 고상해서, 그저 일반인이라고는 생각할 수 없다。",彼女[かのじょ]はいつも上品[じょうひん]すぎて、ただの一般人[いっぱんじん]とは思[おも]えない。
JLPT_N3_암기장::73p,[여러 품사 뒤에 접속하는 문형],～すぎる,너무 ~하다,このコーヒーは熱すぎる。,이 커피는 너무 뜨겁다。,このコーヒー[こーひー]は熱[あつ]すぎる。
JLPT_N3_암기장::73p,[여러 품사 뒤에 접속하는 문형],～すぎる,너무 ~하다,もらったお米が大量すぎて一人では食べられません。,받은 쌀이 너무 많아서 혼자서는 먹을 수 없습니다。,もらったお米[こめ]が大量[たいりょう]すぎて一人[ひとり]では食[た]べられません。
JLPT_N3_암기장::73p,[여러 품사 뒤에 접속하는 문형],～だろう,"~일 것이다, ~겠지",来週には桜が咲くだろう。,다음 주에는 벚꽃이 피겠지。,来週[らいしゅう]には桜[さくら]が咲[さ]くだろう。
JLPT_N3_암기장::73p,[여러 품사 뒤에 접속하는 문형],～だろう,"~일 것이다, ~겠지",この試合に負けても優勝できるので気楽だろう。,이 경기에서 져도 우승할 수 있어서 마음이 편하겠지。,この試合[しあい]に負[ま]けても優勝[ゆうしょう]できるので気楽[きらく]だろう。
JLPT_N3_암기장::73p,[여러 품사 뒤에 접속하는 문형],～だろう,"~일 것이다, ~겠지",熱が下がったばかりでまだ体がだるいだろう。,열이 내린 직후라서 아직 몸이 나른하겠지。,熱[ねつ]が下[さ]がったばかりでまだ体[からだ]がだるいだろう。
JLPT_N3_암기장::73p,[여러 품사 뒤에 접속하는 문형],～だろう,"~일 것이다, ~겠지",留学して1年、そろそろ帰国するさだろう。,"유학한 지 1년, 슬슬 귀국할 때겠지。",留学[りゅうがく]して1年[いちねん]、そろそろ帰国[きこく]するさだろう。
JLPT_N3_암기장::74p,[여러 품사 뒤에 접속하는 문형],～に決まっている,"당연히 ~이다, ~으로 정해져 있다",遅刻したら、先生は怒るに決まっている。,"지각했다면, 선생님은 화를 내는 것이 당연하다。",遅刻[ちこく]したら、先生[せんせい]は怒[おこ]るに決[き]まっている。
JLPT_N3_암기장::74p,[여러 품사 뒤에 접속하는 문형],～に決まっている,"당연히 ~이다, ~으로 정해져 있다",彼女が作った料理だから、おいしいに決まっている。,"그녀가 만든 요리니까, 맛있는 것이 당연하다。",彼女[かのじょ]が作[つく]った料理[りょうり]だから、おいしいに決[き]まっている。
JLPT_N3_암기장::74p,[여러 품사 뒤에 접속하는 문형],～に決まっている,"당연히 ~이다, ~으로 정해져 있다",今年の優勝は彼に決まっている。,올해의 우승은 그로 정해져 있다。,今年[ことし]の優勝[ゆうしょう]は彼[かれ]に決[き]まっている。
JLPT_N3_암기장::74p,[여러 품사 뒤에 접속하는 문형],～に違いない,~임에 틀림없다,あの俳優は今年きっと売れるに違いない。,저 배우는 올해 반드시 인기를 끌 것이 틀림없다。,あの俳優[はいゆう]は今年[ことし]きっと売[う]れるに違[ちが]いない。
JLPT_N3_암기장::74p,[여러 품사 뒤에 접속하는 문형],～に違いない,~임에 틀림없다,私が想像するよりも子供を育てることは大変に違いない。,내가 상상하는 것보다 아이를 키우는 것은 힘든 일이 틀림없다。,私[わたし]が想像[そうぞう]するよりも子供[こども]を育[そだ]てることは大変[たいへん]に違[ちが]いない。
JLPT_N3_암기장::74p,[여러 품사 뒤에 접속하는 문형],～に違いない,~임에 틀림없다,今回の試験は難しかったに違いない。,이번 시험은 어려웠음에 틀림없다。,今回[こんかい]の試験[しけん]は難[むずか]しかったに違[ちが]いない。
JLPT_N3_암기장::74p,[여러 품사 뒤에 접속하는 문형],～に違いない,~임에 틀림없다,まさか私が代表だなんて。きっと冗談に違いない。,설마 내가 대표라니. 틀림없이 농담이다。,まさか私[わたし]が代表[だいひょう]だなんて。きっと冗談[じょうだん]に違[ちが]いない。
JLPT_N3_암기장::74p,[여러 품사 뒤에 접속하는 문형],～に行く,~하러 가다,コンビニにパンを買いに行った。,편의점에 빵을 사러 갔다。,コンビニ[こんびに]にパン[ぱん]を買[か]いに行[い]った。
JLPT_N3_암기장::74p,[여러 품사 뒤에 접속하는 문형],～に行く,~하러 가다,週末は家族みんなで外食に行くことになっている。,주말에는 가족 모두 외식하러 가기로 되어 있다。,週末[しゅうまつ]は家族[かぞく]みんなで外食[がいしょく]に行[い]くことになっている。
JLPT_N3_암기장::74p,[여러 품사 뒤에 접속하는 문형],～にしたがって,~에 따라,高度が上昇するにしたがって気圧は下がる。,고도가 상승함에 따라 기압이 내려간다。,高度[こうど]が上昇[じょうしょう]するにしたがって気圧[きあつ]は下[さ]がる。
JLPT_N3_암기장::74p,[여러 품사 뒤에 접속하는 문형],～にしたがって,~에 따라,先生の合図にしたがって生徒たちは同時に歩き出した。,선생님의 신호에 따라 학생들이 동시에 걷기 시작했다。,先生[せんせい]の合図[あいず]にしたがって生徒[せいと]たちは同時[どうじ]に歩[ある]き出[だ]した。
JLPT_N3_암기장::75p,[여러 품사 뒤에 접속하는 문형],～のです（～んです）,"~인 것입니다, ~입니다",来週、試合なのにちっとも練習に来ないで何をやっていたのですか。,다음 주에 시합인데 전혀 연습에 오지 않고 무엇을 하고 있었던 겁니까?,来週[らいしゅう]、試合[しあい]なのにちっとも練習[れんしゅう]に来[こ]ないで何[なに]をやっていたのですか。
JLPT_N3_암기장::75p,[여러 품사 뒤에 접속하는 문형],～のです（～んです）,"~인 것입니다, ~입니다",この店はお昼だけ飲み物のおかわりが無料なんですよ。,이 가게는 점심시간만 음료 리필이 무료입니다。,この店[みせ]はお昼[ひる]だけ飲[の]み物[もの]のおかわりが無料[むりょう]なんですよ。
JLPT_N3_암기장::75p,[여러 품사 뒤에 접속하는 문형],～のです（～んです）,"~인 것입니다, ~입니다",昨日からご飯も食べなくてなんか様子がおかしいのです。,어제부터 밥도 먹지 않고 뭔가 상태가 이상합니다。,昨日[きのう]からご飯[ごはん]も食[た]べなくてなんか様子[ようす]がおかしいのです。
JLPT_N3_암기장::75p,[여러 품사 뒤에 접속하는 문형],～のです（～んです）,"~인 것입니다, ~입니다",女子サッカー選手になることが昔から私の夢なんです。,여자 축구선수가 되는 것이 예전부터 저의 꿈입니다。,女子[じょし]サッカー[さっかー]選手[せんしゅ]になることが昔[むかし]から私[わたし]の夢[ゆめ]なんです。
JLPT_N3_암기장::75p,[여러 품사 뒤에 접속하는 문형],～はずだ,~일 것이다,この地域は地震がよく起きるので普段から備えているはずです。,이 지역은 지진이 자주 발생하므로 평소부터 대비하고 있을 것입니다。,この地域[ちいき]は地震[じしん]がよく起[お]きるので普段[ふだん]から備[そな]えているはずです。
JLPT_N3_암기장::75p,[여러 품사 뒤에 접속하는 문형],～はずだ,~일 것이다,昨日スーパーで買ったばかりの卵だから新鮮なはずだ。,어제 슈퍼에서 막 산 계란이므로 신선할 것이다。,昨日[きのう]スーパー[すーぱー]で買[か]ったばかりの卵[たまご]だから新鮮[しんせん]なはずだ。
JLPT_N3_암기장::75p,[여러 품사 뒤에 접속하는 문형],～はずだ,~일 것이다,今日は朝からずっと会議があると言っていたから忙しいはずです。,오늘은 아침부터 계속 회의가 있다고 했으니 바쁠 것입니다。,今日[きょう]は朝[あさ]からずっと会議[かいぎ]があると言[い]っていたから忙[いそが]しいはずです。
JLPT_N3_암기장::75p,[여러 품사 뒤에 접속하는 문형],～はずだ,~일 것이다,今年はあの子も卒業のはずだ。,올해는 저 아이도 졸업할 것이다。,今年[ことし]はあの子[こ]も卒業[そつぎょう]のはずだ。
JLPT_N3_암기장::75p,[여러 품사 뒤에 접속하는 문형],～はずがない,~일 리가 없다,歴史に詳しい君が知らないはずがない。,역사에 정통한 네가 모를 리가 없다。,歴史[れきし]に詳[くわ]しい君[きみ]が知ら[し]ないはずがない。
JLPT_N3_암기장::75p,[여러 품사 뒤에 접속하는 문형],～はずがない,~일 리가 없다,友達に頼ることが迷惑なはずがない。,친구에게 의지하는 것이 폐가 될 리가 없다。,友達[ともだち]に頼[たよ]ることが迷惑[めいわく]なはずがない。
JLPT_N3_암기장::75p,[여러 품사 뒤에 접속하는 문형],～はずがない,~일 리가 없다,病院でもらった薬を飲んでいるから痛いはずがありません。,병원에서 받은 약을 먹고 있으므로 아플 리가 없습니다。,病院[びょういん]でもらった薬[くすり]を飲[の]んでいるから痛[いた]いはずがありません。
JLPT_N3_암기장::75p,[여러 품사 뒤에 접속하는 문형],～はずがない,~일 리가 없다,部屋の明かりがついているから留守のはずがないと思う。,방에 불이 켜져 있으니 집을 비운 상태일 리가 없다고 생각한다。,部屋[へや]の明[あ]かりがついているから留守[るす]のはずがないと思[おも]う。
JLPT_N3_암기장::76p,[여러 품사 뒤에 접속하는 문형],～ないといけない,~(하)지 않으면 안된다,痛みがない時も薬を飲まないといけないのでしょうか。,통증이 없을 때도 약을 먹지 않으면 안 되나요?,痛[いた]みがない時[とき]も薬[くすり]を飲[の]まないといけないのでしょうか。
JLPT_N3_암기장::76p,[여러 품사 뒤에 접속하는 문형],～ないといけない,~(하)지 않으면 안된다,簡単に勝てる相手ではないので強気でないといけない。,간단히 이길 수 있는 상대가 아니기 때문에 강하지 않으면 안 된다。,簡単[かんたん]に勝[か]てる相手[あいて]ではないので強気[つよき]でないといけない。
JLPT_N3_암기장::76p,[여러 품사 뒤에 접속하는 문형],～ないといけない,~(하)지 않으면 안된다,時間は3分しかないから発表する内容は短くないといけない。,시간은 3분밖에 없으므로 발표하는 내용은 짧지 않으면 안 된다。,時間[じかん]は3分[さんぷん]しかないから発表[はっぴょう]する内容[ないよう]は短[みじか]くないといけない。
JLPT_N3_암기장::76p,[여러 품사 뒤에 접속하는 문형],～ないといけない,~(하)지 않으면 안된다,ルールというのはすべての人にとって公平でないといけません。,규칙이란 모든 사람에게 공평하지 않으면 안 됩니다。,ルール[るーる]というのはすべての人[ひと]にとって公平[こうへい]でないといけません。
JLPT_N3_암기장::76p,[여러 품사 뒤에 접속하는 문형],～なくて,~(하)지 않아서,約束を守らなくて父にひどくしかられました。,약속을 지키지 않아서 아버지께 심하게 혼났습니다。,約束[やくそく]を守[まも]らなくて父[ちち]にひどくしかられました。
JLPT_N3_암기장::76p,[여러 품사 뒤에 접속하는 문형],～なくて,~(하)지 않아서,友達が来るのに、部屋がきれいでなくて困った。,친구가 오는데 방이 깨끗하지 않아서 곤란했다。,友達[ともだち]が来[く]るのに、部屋[へや]がきれいでなくて困[こま]った。
JLPT_N3_암기장::76p,[여러 품사 뒤에 접속하는 문형],～なくて,~(하)지 않아서,思ったより高くなくてよかった。,생각보다 비싸지 않아서 다행이었다。,思[おも]ったより高[たか]くなくてよかった。
JLPT_N3_암기장::76p,[여러 품사 뒤에 접속하는 문형],～なくて,~(하)지 않아서,急いでいたので浅瀬でなくて助かりました。,급히 가야 했으므로 얕은 곳이 아니라서 다행이었다。,急[いそ]いでいたので浅瀬[あさせ]でなくて助[たす]かりました。
JLPT_N3_암기장::76p,[여러 품사 뒤에 접속하는 문형],～なくてはならない（～なくちゃ）,~(하)지 않으면 안된다,急いで準備しなくちゃ。,서둘러 준비해야 해。,急[いそ]いで準備[じゅんび]しなくちゃ。
JLPT_N3_암기장::76p,[여러 품사 뒤에 접속하는 문형],～なくてはならない（～なくちゃ）,~(하)지 않으면 안된다,赤ちゃんが使うものは常に清潔でなくてはなりません。,아기가 사용하는 것은 항상 깨끗해야 합니다。,赤[あか]ちゃんが使[つか]うものは常[つね]に清潔[せいけつ]でなくてはなりません。
JLPT_N3_암기장::76p,[여러 품사 뒤에 접속하는 문형],～なくてはならない（～なくちゃ）,~(하)지 않으면 안된다,学校の先生になるにはまず賢くなくちゃ。,학교 선생님이 되려면 먼저 똑똑해야 해。,学校[がっこう]の先生[せんせい]になるにはまず賢[かしこ]くなくちゃ。
JLPT_N3_암기장::76p,[여러 품사 뒤에 접속하는 문형],～なくてはならない（～なくちゃ）,~(하)지 않으면 안된다,暗証番号は他の人がわからないように複雑でなくてはならない。,비밀번호는 다른 사람이 모르게 복잡해야 한다。,暗証番号[あんしょうばんごう]は他[ほか]の人[ひと]がわからないように複雑[ふくざつ]でなくてはならない。
JLPT_N3_암기장::77p,[여러 품사 뒤에 접속하는 문형],～なくなってから,~않게 되고 나서,授業中に友達としゃべらなくなってからテストの点数が上がった。,수업 중에 친구와 이야기하지 않게 되고 나서 시험 점수가 올랐다。,授業中[じゅぎょうちゅう]に友達[ともだち]としゃべらなくなってからテスト[てすと]の点数[てんすう]が上[あ]がった。
JLPT_N3_암기장::77p,[여러 품사 뒤에 접속하는 문형],～なくなってから,~않게 되고 나서,仕事が楽でなくなってから辞めたいと思うようになった。,일이 즐겁지 않게 되고 나서 그만두고 싶다고 생각하게 되었다。,仕事[しごと]が楽[らく]でなくなってから辞[や]めたいと思[おも]うようになった。
JLPT_N3_암기장::77p,[여러 품사 뒤에 접속하는 문형],～なくなってから,~않게 되고 나서,あの店は安くなくなってからは行っていない。,그 가게는 가격이 저렴하지 않게 되고 나서 가지 않고 있다。,あの店[みせ]は安[やす]くなくなってからは行[い]っていない。
JLPT_N3_암기장::77p,[여러 품사 뒤에 접속하는 문형],～なくなってから,~않게 되고 나서,学生でなくなってから大学の友達に会うことも少なくなった。,학생이 아니게 되고 나서 대학 친구를 만나는 것도 줄어들었다。,学生[がくせい]でなくなってから大学[だいがく]の友達[ともだち]に会[あ]うことも少[すく]なくなった。
JLPT_N3_암기장::77p,[여러 품사 뒤에 접속하는 문형],～なければならない,~(하)지 않으면 안된다,上司に報告する時は、話し方に気をつけなければならない。,상사에게 보고할 때는 말투에 신경 써야 한다。,上司[じょうし]に報告[ほうこく]する時[とき]は、話[はな]し方[かた]に気[き]をつけなければならない。
JLPT_N3_암기장::77p,[여러 품사 뒤에 접속하는 문형],～なければならない,~(하)지 않으면 안된다,正しい判断をするためには冷静でなければならない。,올바른 판단을 하기 위해서는 침착해야 한다。,正[ただ]しい判断[はんだん]をするためには冷静[れいせい]でなければならない。
JLPT_N3_암기장::77p,[여러 품사 뒤에 접속하는 문형],～なければならない,~(하)지 않으면 안된다,風邪を引かないために冬に着る服は暖かくなければならない。,감기에 걸리지 않기 위해 겨울에 입는 옷은 따뜻해야 한다。,風邪[かぜ]を引[ひ]かないために冬[ふゆ]に着[き]る服[ふく]は暖[あたた]かくなければならない。
JLPT_N3_암기장::77p,[여러 품사 뒤에 접속하는 문형],～なければならない,~(하)지 않으면 안된다,場所を変更するのであれば連絡は早めにしなければならない。,장소를 변경할 경우에는 연락을 빨리 해야 한다。,場所[ばしょ]を変更[へんこう]するのであれば連絡[れんらく]は早[はや]めにしなければならない。
JLPT_N3_암기장::77p,[여러 품사 뒤에 접속하는 문형],～ば,~(하)면,どの電車で行けばいちばん便利なのか知っていますか。,어떤 전철로 가면 가장 편리한지 알고 있습니까?,どの電車[でんしゃ]で行[い]けばいちばん便利[べんり]なのか知[し]っていますか。
JLPT_N3_암기장::77p,[여러 품사 뒤에 접속하는 문형],～ば,~(하)면,命令が絶対ならば無視することはできないでしょう。,명령이 절대적인 것이라면 무시할 수 없겠지요。,命令[めいれい]が絶対[ぜったい]ならば無視[むし]することはできないでしょう。
JLPT_N3_암기장::77p,[여러 품사 뒤에 접속하는 문형],～ば,~(하)면,僕がテニスができるのならやましければ君も始めるといいよ。,내가 테니스를 할 수 있다면 부끄러워하지 말고 너도 시작하면 좋겠다。,僕[ぼく]がテニス[てにす]ができるのならやましければ君[きみ]も始[はじ]めるといいよ。
JLPT_N3_암기장::77p,[여러 품사 뒤에 접속하는 문형],～ば,~(하)면,この実験が成功ならばそれは大発見です。,이 실험이 성공하면 그것은 대발견입니다。,この実験[じっけん]が成功[せいこう]ならばそれは大発見[だいはっけん]です。
JLPT_N3_암기장::78p,[여러 품사 뒤에 접속하는 문형],～ば～ほど,~하면 할수록,考えれば考えるほどむずかしいね。,생각하면 할수록 어려워。,考[かんが]えれば考[かんが]えるほどむずかしいね。
JLPT_N3_암기장::78p,[여러 품사 뒤에 접속하는 문형],～ば～ほど,~하면 할수록,必死であればあるほど同時に不安にもなるものです。,필사적이면 필사적일수록 동시에 불안해지기 마련입니다。,必死[ひっし]であればあるほど同時[どうじ]に不安[ふあん]にもなるものです。
JLPT_N3_암기장::78p,[여러 품사 뒤에 접속하는 문형],～ば～ほど,~하면 할수록,人は悔しければ悔しいほど努力をする生物だ。,사람은 분하면 분할수록 노력하는 생물이다。,人[ひと]は悔[く]しければ悔[く]しいほど努力[どりょく]をする生物[せいぶつ]だ。
JLPT_N3_암기장::78p,[여러 품사 뒤에 접속하는 문형],～ば～ほど,~하면 할수록,何かに夢中であればあるほど周りが見えなくなりやすい。,무언가에 몰두하면 할수록 주변이 보이지 않게 되기 쉽다。,何[なに]かに夢中[むちゅう]であればあるほど周[まわ]りが見[み]えなくなりやすい。
JLPT_N3_암기장::78p,[여러 품사 뒤에 접속하는 문형],～ばよかった,~(할) 걸 그랬다,私も行けばよかった。,나도 갔으면 좋았을 텐데。,私[わたし]も行[い]けばよかった。
JLPT_N3_암기장::78p,[여러 품사 뒤에 접속하는 문형],～ばよかった,~(할) 걸 그랬다,この割引券がまだ有効ならばよかったのに。,이 할인권이 아직 유효했으면 좋았을 텐데。,この割引券[わりびきけん]がまだ有効[ゆうこう]ならばよかったのに。
JLPT_N3_암기장::78p,[여러 품사 뒤에 접속하는 문형],～ばよかった,~(할) 걸 그랬다,自分がもう少し絵画について詳しければよかったと思った。,내가 좀 더 그림에 대해 잘 알았으면 좋았을 텐데라고 생각했다。,自分[じぶん]がもう少[すこ]し絵画[かいが]について詳[くわ]しければよかったと思[おも]った。
JLPT_N3_암기장::78p,[여러 품사 뒤에 접속하는 문형],～ばよかった,~(할) 걸 그랬다,現実じゃなくて夢ならばよかったのに何度も思う。,현실이 아니라 꿈이었으면 좋았을 텐데라고 몇 번이나 생각한다。,現実[げんじつ]じゃなくて夢[ゆめ]ならばよかったのに何度[なんど]も思[おも]う。
JLPT_N3_암기장::78p,[여러 품사 뒤에 접속하는 문형],～ばかりか,~뿐만 아니라,親切な若者は道を教えてくれたばかりか荷物も運んでくれました。,친절한 젊은이는 길을 알려준 것뿐만 아니라 짐도 옮겨 주었습니다。,親切[しんせつ]な若者[わかもの]は道[みち]を教[おし]えてくれたばかりか荷物[にもつ]も運[はこ]んでくれました。
JLPT_N3_암기장::78p,[여러 품사 뒤에 접속하는 문형],～ばかりか,~뿐만 아니라,寝ることは体の健康にとって重要なばかりか心の健康にも重要だ。,자는 것은 신체 건강에 중요할 뿐만 아니라 정신 건강에도 중요하다。,寝[ね]ることは体[からだ]の健康[けんこう]にとって重要[じゅうよう]なばかりか心[こころ]の健康[けんこう]にも重要[じゅうよう]だ。
JLPT_N3_암기장::78p,[여러 품사 뒤에 접속하는 문형],～ばかりか,~뿐만 아니라,あのホテルは部屋がきたないばかりか、値段も高かった。,저 호텔은 방이 더러울 뿐만 아니라 가격도 비쌌다。,あのホテル[ほてる]は部屋[へや]がきたないばかりか、値段[ねだん]も高[たか]かった。
JLPT_N3_암기장::78p,[여러 품사 뒤에 접속하는 문형],～ばかりか,~뿐만 아니라,先日買った電子レンジは価格ばかりか質もよくて満足している。,지난번에 산 전자레인지는 가격뿐만 아니라 품질도 좋아서 만족하고 있다。,先日[せんじつ]買[か]った電子レンジ[でんしれんじ]は価格[かかく]ばかりか質[しつ]もよくて満足[まんぞく]している。
JLPT_N3_암기장::79p,[여러 품사 뒤에 접속하는 문형],～さえ～ば,~만 (한)다면,やせさえすればいいという考えはよくない。,마르기만 하면 된다는 생각은 좋지 않다。,やせさえすればいいという考[かんが]えはよくない。
JLPT_N3_암기장::79p,[여러 품사 뒤에 접속하는 문형],～さえ～ば,~만 (한)다면,彼が携帯を持ってさえいれば連絡はできる。,그가 핸드폰을 가지고 있기만 하면 연락은 할 수 있다。,彼[かれ]が携帯[けいたい]を持[も]ってさえいれば連絡[れんらく]はできる。
JLPT_N3_암기장::79p,[여러 품사 뒤에 접속하는 문형],～さえ～ば,~만 (한)다면,あの時、彼女さえいればよかったのに。,"그 때, 그녀만 있었더면 좋았을 걸。",あの時[とき]、彼女[かのじょ]さえいればよかったのに。
JLPT_N3_암기장::79p,[여러 품사 뒤에 접속하는 문형],～さえ～ば,~만 (한)다면,何が必要なのかさえわかればそれを買っていくのに。,무엇이 필요한지만 안다면 그걸 사서 갈 텐데。,何[なに]が必要[ひつよう]なのかさえわかればそれを買[か]っていくのに。
